id,date,statut,contexte_visite,note_globale,recommandation,verbatim
1,29/01/2024,Avocat,Avec des jeunes enfants,5,Oui,"Ma fille de 5 ans et moi passons toujours une bonne journée, surtout quand ça ferme tard, elle adore la nocturne. Pour les petits de 1m20 il y a encore plus de choix. 
Adieu Nationale 7, l'attraction préférée de ma fille."
3,26/01/2024,Avocat,En couple,5,Oui,C'est très simple à utiliser.
4,24/01/2024,Avocat,Entre amis,4,Oui,"Toujours heureux d y passer un moment avec notre pass annuel chaque saison est différente on a adoré le chemin enchanté illuminé au niveau des bouets féerique on se croyait dans un conte 
C était génial à refaire dommage dernier jour difficile de trouver un café sans faire une quête de 30 mn et encore .."
5,24/01/2024,Avocat,Entre amis,4,Oui,le site est facile pour les commandes30
8,20/01/2024,Neutre,Avec des ados,3,Non,IL EST BIEN DOMMAGE QUE QUAND IL PLEUT DE NE TROUVER AUCUNS ENDROITS OU S ASSOIR A L ABRI ! AU PRIX DE L ENTREE CELA ME SEMBLE POURTANT INDISPENSABLE !
9,19/01/2024,Avocat,Avec des jeunes enfants,5,Oui,C est ma 1ere visite avec enfants et petits enfants j ai bien apprécié il y a des attractions pour tous les ages. Et bravo pour les decors du jardin du père Noël c etait magique
10,17/01/2024,Opposant,Avec des ados,2,Non,Suite à une panne nous sommes resté bloqué dans en train en hauteur pendant 20 minutes sans aucune information. Au bout de 20 minutes une personne nous a rejoint sans même nous expliquer ce qui se passait. J’ ai eu une attaque de panique et le technicien n’as pas voulu que je descende du train car il n’avait pas avec lui la clé pour me faire sortir. Cela a fortement impacté ma journée.
11,17/01/2024,Avocat,Avec des ados,4,Oui,"Superbe ambiance à la période de Noel 
""Les jardins merveilleux du Père Noel"" c'est tout simplement magnifique 
Parc très propre"
12,17/01/2024,Avocat,Avec des ados,4,Oui,"Notre visite au Parc à été une belle découverte. L'ambiance de Noel avec ses décorations y été très agréable malgré les longues attentes avant d'accéder aux attractions. Bémol sur les stands de snaking : peu d'ouvert, personnel rare et manque de provision. Si au moins le parc distribué des marrons chauds dans les files d'attentes... le temps passerait plus vite ! Toutatis est TOP !!!"
13,17/01/2024,Opposant,En couple,1,Non,"I went on the last week of 2023. The park naturally had the water rides closed in the winter, which was well communicated. Sadly it seems the park did not reduce the attendance, causing the park to be unacceptably crowded everywhere. 
All main rides were around one hour wait, sometimes going as high as 90 minutes. The most frustrating experience is that even to get snacks (!!!) we had to spend around one hour queueing, and this happened multiple times at different shops in different days. 
After visiting Phantasialand and Efteling I had a certain expectation for my experiences. Parc Astérix is on par (or close to) when it comes to attractions. But the experience is not nearly as good. 
We did fewer attractions per day than anywhere else. 
Overall: I will not be going back."
14,16/01/2024,Opposant,Avec des ados,2,Non,"Week-end à asterix, Noël des enfant... 
Perte de temps de A à Z, de l'arrivée à l'hôtel aux repas à l'hôtel comme dans le parc!! Et 1h40/2h de queue par attraction ""EN PLUS""... 
Repas, 1h d'attente pour 4 hot dog..., desserts encore congelés à l'intérieur. 
Goûter, 4 gauffres... encore congelés au centre... une HONTE!! 
Dîner à l'hôtel, 30 minutes d'attente pour être mis à table ""encore"", et ne plus avoir de choix en étant mid à table à 22h avec 2 enfants... plats restant secs, viande et poisson desséchés sous les lampes du buffet, soupe hyper reduite, salée, immangeable! Peu de desserts, même plus de galette des rois pour les enfants😓 
Le responsable de l'hôtel a été informé de notre mécontentement le premier jour, j'attends encore un retour de la direction?? 800e pour ça??? Et j'en passe!"
15,16/01/2024,Avocat,Avec des jeunes enfants,4,Oui,"Globalement j'ai apprécié mon séjour! Pas eu la possibilité de dormir dans les hôtels du parc qui étaient complets! Entrée/sortie assez rapide malgré le monde ce dernier samedi avant fermeture. Je regrette de ne pas avoir pu choisir nos pass filotomatix illimités et le certificat médical établi par mon médecin pour mes problèmes de dos n'a même pas été pris en compte pour pouvoir en acheter, on a finalement pu avoir des pass argent c'est mieux que rien.. 
Côté attraction il y en a pour tous les goûts, j'aime pour ma part les sensations fortes et j'ai beaucoup apprécié dans l'ordre toutatis, oziris, goudurix et même pégase express avec les enfants. Par contre j'ai fait tonnerre de zeus dans les 2 sens, les sensations sont là mais le manège est très désagréable ça tape tout le long, dommage!!"
16,16/01/2024,Avocat,Avec des ados,5,Oui,Bien dans l'ensemble
17,15/01/2024,Avocat,Avec des ados,5,Oui,Meilleurs manèges de ma vie!
18,15/01/2024,Avocat,Avec des ados,4,Oui,Parc très bien entretenu et disposant d’attractions variées
19,15/01/2024,Avocat,Avec des ados,4,Oui,très bon séjour
20,15/01/2024,Avocat,Avec des ados,5,Oui,"Très bon moment. Bravo pour les animations de Noël. 
Le spectacle sur glace était magique."
21,14/01/2024,Avocat,Avec des ados,4,Oui,Une saison remplie de folie au parc Astérix ! Dommage que le pass saison prémium à réduit ses avantages malheureusement ca sera sans nous la saison prochaine.
22,14/01/2024,Opposant,En couple,1,Non,"Un sejour de 2 jour devenu cauchemardesques !!! 
Horrible !! Déçu !!! Honte !!! 
Payer 307€ pour des le premier jours faire les attractions pendant les 30mn d’avance offerte par le séjour et ne plus pouvoir en faire car 85mn d’attente pour chaque attraction à partir de 11h10… après avoir payer 307 € bien sûr 2 jour nous avons dû payer 70€ pour ne pas faire la queu au 2 eme jours !! 
Et la cerise sur le gâteau 1h45 pour avoir un café avec 5 famille juste devant nounous je n’appelle sa du professionnalisme… bien sûr la crêpe et le café n’a pas suffit à nous réchauffer après 1h45 sous le froid…. 
 
Je conseil à personne ce parc, ce n’est pas possible de payer autant et ne pouvoir rien faire… 
 
Honte honte honte honte"
24,14/01/2024,Neutre,En couple,3,Oui,Parc superbes à prix abordables nous sommes fan inconditionnel de parc d'attractions asterix pas encore au niveau de Disney et europapark mais en train d'y arriver
27,14/01/2024,Avocat,Entre amis,5,Oui,"G passé une très bonne journée, malgré le monde l'attente restait correcte dans les attractions. 
Bonne idée de proposer de la tartiflette, avec qques endroits pour se réchauffer auprès de braseros c top. 
Et la forêt du père Noël était magnifique, bravo pour ce beau parcours illuminé."
28,14/01/2024,Avocat,Avec des jeunes enfants,5,Oui,La seul chose négative trop de temp à attendre pour un tour de manège 80min énorme sinon tout était parfait incroyable magnifique l’accueil génial la gentillesse l’hôtel le restaurant magnifique on était très satisfait et encore un grand merci
29,14/01/2024,Avocat,Avec des ados,5,Oui,Excellent parc d’attractions avec prestations de qualité
30,14/01/2024,Avocat,Avec des ados,4,Oui,"Superbes expériences dans ce village gaulois. Les attractions aux sensations fortes ont retenu notre attention, et il est simple de s'orienter et de choisir nos activités grâce à l'appli."
31,13/01/2024,Avocat,Avec des ados,4,Oui,"Très bon week-end en famille . Nous y sommes allés pour le Noël gaulois . Le parc était très bien décoré et l'ambiance chaleureuse. Les attractions sont très variées, il y en a pour tout les goûts. Nous avons apprécié la patinoire. Les jardins illuminés et les spectacles nous ont ravis. Le seul point négatif a été la foule déchaînée qui coure dans les allées , à l' ouverture du parc pour rejoindre l' attraction Toutatis."
32,13/01/2024,Avocat,Avec des ados,5,Oui,"C'était la première fois que je venais en saison de Noël, mon fils et moi avons adoré l'ambiance, les spectacles, le jardin merveilleux avec des décorations magnifiques, le repaire des lutins où nous avons déjeuné. 
De plus, nous avons eu un problème à Pégase express, l'attraction s'est arrêtée environ 15 mn dehors dans le froid . On a dû sortir de l'attraction en sortie de secours et les responsables nous ont proposé avec les autres participants de faire une autre attraction en coupefile, nous avons choisi Toutatis et étions ravis . Merci beaucoup. 
On renouvelera c'est certain. Bravo pour ces belles idées, continuez comme ça 😊 
Hâte de voir les nouvelles attractions 2024!"
33,13/01/2024,Avocat,Avec des jeunes enfants,4,Oui,Très bon sejour
34,13/01/2024,Avocat,Avec des jeunes enfants,5,Oui,"Cadeaux de Noël pour les enfants, c’est avec beaucoup de plaisir qu’ils ont découvert et que j’ai pu redécouvrir en famille le parc Astérix. De très beaux moments en famille au cœur du Noël Gaulois, si somptueux avec ses décorations lumineuses, l’ambiance chaleureuse des marchés de Noël et sa parade féerique sans oublier l’étincelant feux d’artifice. Sans parler de la qualité de ses spectacles exceptionnels « Quel cirque » ou encore « Dans la peau du Père Noël » ….Un séjour au cœur des Quais suspendus qui a su ravir les plus petits et les plus grands. Un restaurant aux mets diversifiés et de qualités. Quel beau prolongement des fêtes ce weekend du 6/7 janvier clap de fin de saison pour la fabuleuse équipe du Parc qui a cœur de faire plaisir! 👏😍😘 
Au plaisir de vous retrouver,MERCI"
35,13/01/2024,Avocat,Avec des ados,4,Oui,Bon moment passé au parc. Mais c’est dommage qu’il n’y avait pas beaucoup de points chauds au vi des températures froides ces derniers jours. Aussi je trouve très fortement regrettable qu’il n’y ai aucunes places de parking avec bornes de recharge pour les voitures électriques pour les visiteurs à la journée (il y en a mais seulement dans les parkings des hôtels réservées aux clients de l’hôtel). Cela est vraiment dommage en 2024 ne pas avoir pensé à en mettre !
36,13/01/2024,Avocat,Avec des ados,5,Oui,Parc très agréable pour toute la famille....
37,13/01/2024,Avocat,Entre amis,4,Oui,J'ai passé une bonne journée dans l'ensemble malgré une forte affluence.
38,13/01/2024,Avocat,Avec des ados,4,Oui,Trop trop de monde !! Des heures de file.
39,13/01/2024,Avocat,Avec des jeunes enfants,5,Oui,"Les jardins merveilleux fait de jour et de nuit tout simplement magnifique, j’ai adoré ce Noël Gaulois"
40,13/01/2024,Avocat,Avec des ados,5,Oui,Supper à refaire en famille
41,13/01/2024,Avocat,Avec des ados,5,Oui,hotel lutece parfait
42,13/01/2024,Avocat,Avec des jeunes enfants,5,Oui,Super week-end !
43,13/01/2024,Neutre,Entre amis,4,Non,Le point positif est les bonnes sensations de ce parc mais le négatif est le nombre d'attente et si on veux passer plus rapide cela reste super chère entre 10€ et 12€ la place pour chaque attraction et le parking qui coûte 20€ c'est inadmissible surtout que les parkings sont dégradé il y'a trou de partout.
44,13/01/2024,Avocat,En couple,4,Oui,"Super parc d’attraction je l’adore ! 
Mon préféré depuis des années !"
45,13/01/2024,Avocat,Seul,5,Oui,"Bonjour à toutes et à tous ! 
 
Je vous recommande vivement le parc Astérix pour cette année 2024, car de nouveaux changements et aménagements, de nouvelles attractions sont à prévoir... 
 
Nous ne seront pas déçus. ""Let's Go !!"""
46,13/01/2024,Neutre,Entre amis,3,Oui,Trop d attente
47,13/01/2024,Avocat,Avec des jeunes enfants,5,Oui,J’ai passé un très bon séjour au parc Astérix. Les employés sont toujours agréable et le personnel de l’hôtel « la cité suspendu » est toujours au petit soin!
49,13/01/2024,Avocat,En couple,5,Oui,Très bonne expérience 😁
50,13/01/2024,Avocat,Avec des ados,5,Oui,"attractions superbes des nouveautés chaque année, hotels au top"
51,13/01/2024,Avocat,Avec des ados,4,Oui,Dommage y a de trop de temps d'attente
53,13/01/2024,Avocat,Avec des ados,5,Oui,"Très bonne journée en famille, à refaire"
57,13/01/2024,Avocat,Entre amis,4,Oui,Découverte du parc pour la 1ère fois et très aimé toutes ses décorations de Noel et tous ces sapins. Bravo pour le jardin merveilleux de Noël qui est fantastique et unique. Dommage qu'il y ait peu d'endroits intérieurs pour se réchauffer quand il fait si froid (même en présence de braseros) et des attractions intérieures pour permettre de visiter le parc TOUTE l'année.
58,13/01/2024,Avocat,Avec des ados,4,Oui,"Super accueil a l hôtel et au parc 
Super ambiance grâce au deco de noel"
59,13/01/2024,Neutre,Entre amis,3,Oui,"Lors de la nocturne en octobre nous avons demandé nos pass rapidus et on a été baladé. Au final on a perdu un peu plus d’une heure à attendre la mise en service de l’application. Le Dj présent sur la zone de spectacle a clairement sauvé notre soirée ! 
En revanche, Le spectacle sur glace vu en janvier était incroyable et le spectacle aérien l’était aussi."
60,13/01/2024,Avocat,En couple,4,Oui,"Très bonne expérience, cependant je trouve que le parc pourrait être plus propre."
61,13/01/2024,Neutre,Avec des jeunes enfants,5,Non,"Avec ma fille de 8 ans et mon neveu de 25 ans nous avons passé une super journée lors du dernier jour de la féerie de Noël. Chacun a pu trouver les attractions ou activités qui lui convenait séparément ou tous ensemble. Le dîner pizza était bon, les illuminations et la parade étaient magiques ! Il n’y avait pas la foule donc on a vraiment profité jusqu’à la fermeture avec le feu d’artifice ! Juste bémol le personnel pas très impliqué, pas attentif ni très professionnel lorsqu’on les croise ou on les sollicitaient. Mais bon c’était sans doute parce que c’était le dernier jour avant fermeture…"
62,13/01/2024,Avocat,Avec des ados,5,Oui,"On a été plusieurs fois cette année 2023 en famille. Chaque visite est incroyable pour les enfants !sensation, joie et excitation sont au rendez vous."
63,13/01/2024,Avocat,Avec des ados,5,Oui,"Weekend magique, des attractions au top, l'ambiance est très chouette!!"
64,13/01/2024,Avocat,En couple,5,Oui,Super journée au parc asterix les attractions sont tout amusant et surtout attractions toutatis il est meilleur attractions du monde
65,13/01/2024,Avocat,Avec des jeunes enfants,5,Oui,"J’ai adoré, toute la famille a adoré, mes 2 enfants de 8 et 16 ans. 1ere fois que l’on vient et très bonne surprise :)"
66,12/01/2024,Avocat,Avec des ados,4,Oui,"Très bon séjour dans le parc pendant les vacances de Noël, malgré un peu d'attente pour les attractions, nous avons passé de très bon moments. 
A renouveler !"
67,12/01/2024,Avocat,Entre amis,5,Oui,"Bonjour, 
J'étais déjà venue au paravent et c'est toujours aussi plaisant, tootatis est majestueux, pour moi la meilleur attraction en sensation forte (au goûts de chacun) mais en terme de sensation vous serez comblé. 
Pour la rigolade avec mes amis on faisaient la voix de Mickey et avant chaque lancemlent d'attraction on disais par exemple( Bonne chance les amis, ou On va s'envoyer en l'air avec Mickey) et tous le monde rigolait c'était au top, et j'avais jamais autant rigolé de ma vie en 1 week-end. Merci Parc asterix."
68,12/01/2024,Avocat,En couple,5,Oui,"On a passé un super week-end en famille super parc ,on reviendra c'est certain !"
70,12/01/2024,Neutre,Entre amis,3,Oui,Toujours un plaisir de venir au parc Astérix malgré les incivilités des personnes qui ne respectent pas le règlement g intérieur du parc et aussi le respect des autres visiteurs (cigarettes et doubler dans les files d’attentes).
71,12/01/2024,Avocat,Avec des ados,4,Oui,"Les attractions sont vraiment excellentes et variées, la décorations et les spectacles étaient au dessus de mes attentes. En revanche, il y a toujours un certain nombre de personnes parmi les visiteurs qui multiplient les incivilités (dépassement dans les queues, vocabulaire utilisé très limite à proximité des enfants). J'attends davantage de rigueur, pour finalement plus de liberté et de plaisir partagé. Mais, nous avons passé une superbe journée en famille, et nous reviendrons avec grand plaisir."
72,12/01/2024,Neutre,Avec des jeunes enfants,4,Non,"Bien, mes filles de 7 et 11 ans se sont régalé. Les attractions sont très bien. 
Mais le prix des accès rapides c’est abusé. 35 e pour une attraction c’est un peu du vol. Du coup on patiente… 
Pensez à préciser que les boîtes et gobelets sont consignés svp au restaurant. Cela évitera à des personnes comme moi de ne pas se faire débarrasser la table par un inconnu qui récupère la somme des consignes. Il faut prévoir le budget c’est tout"
74,12/01/2024,Avocat,Entre amis,4,Oui,"Journée entre amis avec le projet de faire toutes les attractions à sensations fortes. Nous n'avons pas ete déçus par les attractions. Seul bémol les temps d'attente, sur la journée entière 1h30 d'attente pour au moins 3 des attractions phares du parc. Nous avons ete obligés de prendre des fast pass. 
Autre bémol, la restauration, peu de choix en hiver, beaucoup sont fermés. 
Ambiance géniale cependant !"
76,12/01/2024,Avocat,En couple,5,Oui,très bien comme d'habitude
78,12/01/2024,Avocat,En couple,5,Oui,"Une bonne équipe très accueillantes.a l'écoute des visiteurs qualités des restaurants au top 
Hôtel parfait , pas trop d'attente pour les attractions en même temps notre venus était a noel donc pas trop de monde. 
Expérience à refaire pour Halloween et Noël 
Quai de Lutèce très agréable,chambre très classe, restaurant pour réveillon très bien avec cette petite coupe de champagne offert en arrivant. 
Décor pour le parc exceptionnel avec la visite du village du père noël , et le repère des lutins qui est a refaire pour l an prochain car très agréable, l'attente vaut le coup spectacle sur glace joli , spectacle des pirates amusant, défilé gaulois très bien et feu d'artifice très bien 
Nous pensons revenir pour 2024 aux hôtel puis parc pour une nouvelle aventure avec ces nouvelles attractions merci"
79,12/01/2024,Neutre,Avec des ados,3,Oui,"En plein hiver quand il fait très froid c’était sympa les braséro installé dans le village de Noël 
J’y suis allée avec mon fils de 12 ans et on avait pris le pass argent . Moins de queue ce qui est un avantage en revanche ce n’est pas pour tout les attractions ! 
Mais seulement pour les manèges à sensations que je déteste moi personnellement !bon mon fils s’est éclaté c’est ce qui compte ! 
J’ai quand même voulu faire tonnerre de zeus qui est un vieux manège à sensation avec une structure en bois ! Je me suis tellement crispée et les virages sont tellement violents ainsi que les chutes que je me suis démontée le cou j’ai porté une minerve pendant 5 jours ! Donc à éviter absolument si vous avez plus de 40 ans et que vous avez peur !"
80,12/01/2024,Avocat,En couple,4,Oui,"Super parc, pas mal d’attraction. 
Point négatif : trop de monde et trop d’attente, minimum 1h d’attente jusqu’à 2h d’attente pour faire une attraction. 
Il devrait y avoir un système de réservation avec un nombre maximum de personne dans le parc."
81,12/01/2024,Neutre,En couple,3,Oui,"Beaucoup trop de monde, une heure au moins d’attente pour chaque attraction, ce qui fait que sur 9h au parc nous n’avons fait que 5 attraction"
82,12/01/2024,Opposant,Entre amis,1,Non,"Lorsque nous avons réservé les places à aucun moment il n'est mentionné qu'il pouvait y avoir abondance sur le parc, au total plus de 20000 personnes et 3h d'attente pour faire un tour de Toutatis, et pour finir 2h30 pour l'Oziris. Plus d'une heure d'attente pour pouvoir manger dans une dans un restaurant sur place.... 
Au final deux attractions sur la journée, soit 25 € le tour de manège, sans compter le déplacement et la restauration, c'est une honte. Pourquoi ne pas réguler le nombre de places comme les autres parcs, vendre et vendre, c'est sûr que ça remplit les caisses mais ça fait fuir le client. Au prix de la place c'est une honte."
83,12/01/2024,Neutre,Avec des ados,3,Oui,"Attractions superbes , pour les attractions à grande sensation on les a belle et bien! Par contre je n'aurai pas pensé qu'en hiver le 6 janvier il y aurait autant de visiteurs....durée d'attente bien trop longue 90 minutes pour 3 d'entre elles , sinon au moins 1 heure pour les autres, au total seulement 6 Attractions ont été réalisées pour une journée complète de présence sur le parc, donc très déçue sur ce point ."
84,12/01/2024,Avocat,Avec des ados,4,Oui,"Très bon parc mais il y avait beaucoup trop de monde. 
Exemple : 2h de queue pour tonnerre 2 Zeus et pourtant temps annoncé de 80 minutes. 
Cela a gâché la journée qui est déjà écourtée en saison hier car horaires réduits."
85,12/01/2024,Opposant,Avec des ados,2,Non,"Toutatis et Tonnerre 2 Zeus valent le détour. Pas mal d'attractions pour les petits. Parc vieillissant. Beaucoup trop de monde! Sanitaires sales. Toutefois, le personnel rencontré a été agréable."
86,12/01/2024,Avocat,Avec des ados,4,Oui,Temps d attente des attractions beaucoup trop long
89,12/01/2024,Avocat,Avec des ados,4,Oui,Superbe journée à refaire
91,12/01/2024,Neutre,Avec des ados,3,Oui,Sentiment d'insécurité dans le parc mais un magnifique parc
93,12/01/2024,Avocat,En couple,4,Oui,Séjour au top
94,12/01/2024,Avocat,Avec des ados,5,Oui,"Très beau parc, les attractions sont variées et procurent des sensations fortes. 
L hôtel les quais de lutece est vrai magique ( chambres très confortables, petit déjeuner variés). 
Rien à dire, on reviendra. 
Merci"
95,12/01/2024,Neutre,Entre amis,3,Oui,"Je trouve que le site est un peu mal foutu , avec un ami on a voulu réserver nos place pour Halloween étant donner qu’on avait le pass , et on s attendait à avoir des catégories événementiel directement sur le site , et on a jamais eu de rep de comment alors on a abandonné la nocturne d Halloween"
96,12/01/2024,Avocat,Avec des ados,5,Oui,"Nous sommes venus entre amis avec nos enfants pour un Noël gaulois et nos espérances ont été comblées. Que ce soit la décoration avec les jardins lumineux,les spectacles, les attractions, le feu d artifice, la parade gauloise, une visite au parc s impose ne serait ce que pour oser Toutatis. Nous reviendrons"
97,12/01/2024,Avocat,Avec des jeunes enfants,5,Oui,"Super journée même s'il y avait du monde, nous avons fait les spectacles, qui ont plu a toute la famille"
100,12/01/2024,Avocat,En couple,4,Oui,"Très bon moment passé au parc , des sensations fortes . 
Je recommande pour les grands comme pour les petits"
101,12/01/2024,Avocat,Avec des jeunes enfants,5,Oui,"Décorations et spectacles féeriques. 
Bravo et merci !"
104,12/01/2024,Avocat,En couple,4,Oui,Très bien
107,12/01/2024,Avocat,Avec des jeunes enfants,5,Oui,"Une excellente journée en famille, divertissement assuré pour chacun ! Les froussards comme les plus hardis !"
108,12/01/2024,Avocat,Avec des jeunes enfants,5,Oui,Rien à dire dire. Toujours une agréable journée
109,12/01/2024,Avocat,Entre amis,4,Oui,"c’était vraiment super, merci beaucoup"
110,12/01/2024,Opposant,Avec des ados,2,Non,"Plein de gens doublent dans les files, il serait bien de faire sanctionner ce type de comportement surtout lorsqu’on fait en moyenne une heure de queue par attraction. C’était ma deuxième et dernière visite."
111,12/01/2024,Opposant,Avec des jeunes enfants,2,Non,Je trouve inadmissible d’accueillir autant de monde. Nous avons pu effectuer que 4jeux pour le prix qu’on paye. Les temps d’attente sont horribles.
112,12/01/2024,Avocat,En couple,4,Oui,"Extrêmement decu du monde , nous n’étions pas au courant de la fermeture du parc et aurions aimé être courant car vu les heures d’attentes nous avons a peine fais la moitié des attractions du parc…"
113,12/01/2024,Avocat,Avec des ados,4,Oui,"Leuk park, zeer aangenaam verrast van de attracties. Wel zeer koud en weinig opties op binnen te schuilen."
114,12/01/2024,Neutre,Avec des ados,3,Oui,"Le spectacle de noël été excellent toute la famille a appréciée. Le jardin du père noël magnifique tout comme la parade . Il y’a avait un monde fou c’est dommage car l’attente pour les jeux à sensation allait jusqu’à 1h45 dans un frois glacial, difficile de circuler aussi dans le parc."
116,12/01/2024,Avocat,Entre amis,4,Oui,"Super sympa mais beaucoup trop d'attente. Mais merci pour l acceuil ,l'ambiance et la qualité des attractions ."
117,12/01/2024,Avocat,En couple,5,Oui,Très bien 👍
118,11/01/2024,Avocat,Avec des ados,5,Oui,"Superbe moment en famille ! Et mega top le Toutatis ! Une bonne déconnexion de la vie quotidienne, un beau voyage !"
120,11/01/2024,Neutre,Avec des jeunes enfants,3,Oui,"Chouette parc avec diversité d'attractions. 
Parc très propre et personnel agréable. 
Dommage que le parc manque d'éclairage."
122,11/01/2024,Avocat,Entre amis,4,Oui,Très bon séjour au parc malgré la météo. Accueil chaleureux lors de notre arrivés à l'hôtel.
123,11/01/2024,Avocat,Avec des ados,4,Oui,"Très bon parc avec des attractions variées pour petits et grands. 
Les décorations sont sympas au fil des thèmes de la saison (halloween et Noël). 
L'hôtel avec accès privilégié est agréable. 
Seul bémol la restauration avec une qualité de service et de produits très moyenne tout au long de la saison que ce soit les restaurants, snacks ou restauration rapide... Le pique-nique est de rigueur selon moi."
124,11/01/2024,Avocat,En couple,5,Oui,"On se sent chez nous....parc à taille humaine. Je n'aime pas les manèges à sensation mais d'autres animations et spectacles m'ont enchantée..... je vais organiser une journée pour les adhérents de mon association pour la période de Noël 2024. Peut-être que le Père Noël aura eu sa potion....la parade est joviale et amusante avec sa chanson ""le Père Noël rêve de potion"""
125,11/01/2024,Avocat,Avec des jeunes enfants,4,Oui,Nous avons passé un agréable séjours au parc ! L’idée de mettre des braseros partout dans le parc en hivers est super ! Parc propre et bien entretenu ! Nous reviendrons .
126,11/01/2024,Avocat,Entre amis,4,Oui,"J'adore le parc Asterix malheureusement je trouve que le service client est de plus en plus mauvais... Nous constatons tous les efforts déployés sur la déco, les spectacles ou même les attractions alors pourquoi ne pas en faire de même avec le service client... Zero geste commercial sur un Filotomatix alors que nous avons fait plus de 40 min de queue pour rien chez la Trace du Houra et 45 chez Tonnerre de Zeus suite à des pannes techniques... Leurs confrères du milieu (Mickey et Futuroscope eux le font...)."
127,11/01/2024,Avocat,Entre amis,5,Oui,Très jolie pour ambiance de Noël avec des belle décoration et spectacle .
128,11/01/2024,Avocat,Avec des jeunes enfants,4,Oui,visite en famille cela manque dans votre questionnaire
129,11/01/2024,Avocat,Avec des ados,4,Oui,"Cela faisait longtemps que nous voulions aller au parc d'attractions et nous avons apprécié notre journée. Attention certaines attractions avec la couleur violette ""famille"" secouent déjà beaucoup. Une journée c'était bien mais cela n'a pas suffit à faire toutes les attractions que l'on voulait en raison du temps passé dans les files d'attente. Les piques-niques sont permis et je les recommande car nous avons été déçus par les repas pris sur place, chers et mauvais. 
Je recommande le parc et je pense y retourner pour que les enfants fassent les attractions manquées."
130,11/01/2024,Neutre,Avec des ados,3,Non,"Expérience moyenne attractions sympa pas assez diversifier, j ai fais 2 standes crêpes = non qualifié ne sais pas rendre la monnaie,celui du chocolat chaud pas énergique du tout ! Pas agréable, pas de personnages asterix obélisque défilant dans le parc résultat bof"
131,11/01/2024,Avocat,Entre amis,4,Oui,Nous avons passé une très bonne journée et avons eu plein d'émotions ! À refaire sans hésiter.
132,11/01/2024,Avocat,Avec des ados,4,Oui,Bonne ambiance
133,11/01/2024,Avocat,Avec des ados,5,Oui,Beaucoup de sensations fortes
134,11/01/2024,Avocat,Entre amis,5,Oui,"Parc superbe 
Très amusant 
Excellent entre amis et famille"
135,11/01/2024,Avocat,En couple,5,Oui,Très simple et complet
137,11/01/2024,Avocat,Avec des jeunes enfants,5,Oui,"Très belle journée au parc, ensoleillé. Décor de Noël féerique. Le personnel vraiment sympathique. Je ne manquerais pas de revenir avec mes enfants"
138,11/01/2024,Avocat,Avec des ados,4,Oui,"Un bon moment passé en famille. Un peu compliqué d'utiliser l'application smartphone , qui est capricieuse et pas toujours fiable sur les temps d'attente et/ou la disponibilité des manèges. Quand à l'activation du Filomatix pour les grandes familles (9 filomatix) cela a été une galère sans nom, nous avons perdu quasiment 1 heure pour avoir l'intégralité sur le téléphone !"
140,11/01/2024,Avocat,Avec des ados,4,Oui,"Très satisfait de mon retour au Parc après 17 ans ! Un peu moins enclin aux sensations fortes que ma fille et sa cousine, j'ai passé un bon moment"
142,11/01/2024,Neutre,Avec des ados,3,Non,"Trop d attente pour le sam et épouse manger ou boire un café 
Journée catastrophique 5 manège de fait pas adapté au enfants entre 8 et 12 ans je suis très decu"
143,11/01/2024,Avocat,Avec des jeunes enfants,5,Oui,Nous avons été agréablement surpris par le parc ! C'était une première mais certainement pas une dernière.
144,11/01/2024,Avocat,Avec des ados,4,Oui,"Beaucoup d'attente le jour où nous sommes venus, y compris dans les restaurants. 
Dommage car les attractions proposées sont vraiment très sympa."
145,11/01/2024,Neutre,Entre amis,3,Oui,"Les temps d'attente sont extrêmement mal calculés, j'ai attendu 1h15 pour une attraction qui en indiquait 45, ce qui m'a fait perdre énormément de temps"
146,11/01/2024,Avocat,Avec des jeunes enfants,4,Oui,Très belle journée mais malheureusement gâchée en raison du peu de possibilités de se restaurer convenablement. Nous avons pu manger correctement seulement à 17h30 !
147,11/01/2024,Avocat,Avec des jeunes enfants,5,Oui,"Parfaite ambiance de Noël, et les décorations sont très jolies! Les spectacles sont magnifiques !"
148,11/01/2024,Avocat,En couple,5,Oui,"J'ai passé une année génial au parc Astérix, prendre un pass annuel était la meilleure chose a faire pour en profiter a 100%! Chaque changement de thématique est incroyable, et l'évolution du parc est juste géant! Hâte d'y retourner :)"
149,11/01/2024,Avocat,Avec des jeunes enfants,5,Oui,Toujours un plaisir de dormir dans l un des hôtels du parc. Le restaurant est très bien. Heureusement qu’on peut profiter d’une ouverture anticipée car l’attente a certaines attractions devient trop long dès l’ouverture. L’ambiance est toujours au top.👍
151,11/01/2024,Avocat,Avec des ados,5,Oui,"Parc à sensations fortes. Ambiance conviviale, parc boisé, beaux décors"
152,11/01/2024,Avocat,Avec des jeunes enfants,5,Oui,Très bon parc aussi bien les petits comme les grands
153,11/01/2024,Avocat,Avec des jeunes enfants,4,Oui,"Nous avons mangé au self à côté de la trace du Hourra. C’était une catastrophe, le personnel n’a pas géré le flux , il manquait des aliments , une queue énorme 
Très mal géré"
155,11/01/2024,Avocat,Avec des ados,4,Oui,"Le personnel que nous avons rencontré au niveau des attractions n'est pas particulièrement souriant. 
Par contre,Le parc est vraiment très beau, en particulier en cette période de fête. Nous avons passé une très belle journée"
157,11/01/2024,Neutre,Avec des jeunes enfants,3,Non,A faire 1 fois par an maximum. On se lasse très vite. 80% des employés font la gueule. Les restaurants vraiment pas top. Sortir du parking relèvent du parcours du combattant en frôlent sa voiture aux autres qui collent. Seule le jardin de noel était sublime.
159,11/01/2024,Avocat,Avec des ados,5,Oui,2 jours supers. Belles décorations pour Noël. Très bon moment passé en famille
160,11/01/2024,Avocat,Entre amis,5,Oui,"Le meilleur parc de France sans hésitation ! 
Le parc de mon enfance, depuis toujours j'y vais et j'irai jusqu'à ce que je quitte ce monde ❤️ 
J'habite à 5 minutes et c'est parfait."
164,10/01/2024,Avocat,Avec des ados,5,Oui,"Une expérience géniale comme d habitude une bonne journée de passé 
Continuez"
165,10/01/2024,Avocat,En couple,4,Oui,Je vais souvent au parc Astérix et je ne suis jamais déçue ! L’ambiance est très sympa et je recommande bien sûr Toutatis qui est tout simplement excellent.
166,10/01/2024,Avocat,Avec des jeunes enfants,4,Oui,Ambiance de Noël super sympa ! Jardin illuminé super.
168,10/01/2024,Avocat,Avec des ados,5,Oui,Super parc ravis d'avoir pris le passe saison les décors de Noël magnifique
169,10/01/2024,Avocat,Avec des jeunes enfants,4,Oui,"On a passé un bon moment au parc , les équipes dans l ensemble sympas sauf au restaurant où il y a eu bcp d erreur."
170,10/01/2024,Avocat,Avec des jeunes enfants,5,Oui,Super parc autant pour les petits que les grands! Cadre et ambiance au top! J'y retournerai sans hésiter!!!
171,10/01/2024,Avocat,En couple,5,Oui,"Tout super !! seul bémol pour ceux qui logent à l’hôtel, prévoyez un peu d’avance car on vous redirigera avec plusieurs navettes ce qui pourra vous faire perdre 1 heure… sinon au Top"
172,10/01/2024,Avocat,Entre amis,4,Oui,"Toujours un régal de venir au Parc Astérix. La nouvelle attraction Toutatis est tout simplement extraordinaire. On ne s’en lasse pas. 
Maintenant, avec Oziris, le Parc Astérix possède deux superbes montagnes russes. Mais quel contraste entre le confort et les sensations du duo Toutatis/Oziris et l’inconfort, les vibrations, les baffes et les maux de tête de l’autre duo Tonnerre 2 Zeus/Goudurix. C’est insupportable. Si vous n’avez pas le temps, passez votre chemin. 
Coté restauration, rien à dire. Je vous conseille le restaurant du cirque qui propose un délicieux buffet à volonté. Très bon rapport qualité/prix."
174,10/01/2024,Neutre,Avec des jeunes enfants,3,Oui,"1 parc pour toute la famille, superbe ambiance de noël 
 il est toutefois dommage que le manque de propreté du parc ternisse l'ambiance de la journée"
175,10/01/2024,Avocat,Avec des jeunes enfants,4,Oui,"Trop bien! Les enfants ont beaucoup aimé. Des sensations fortes de partout😬🤪🥲. 
Et un bon restau pour se remettre 😋 
Bref, une bonne option lorsqu'on doit oasser toutr la journée à Paris CDG."
177,10/01/2024,Avocat,Avec des jeunes enfants,5,Oui,Des attractions pour tous les goûts et des spectacles de qualité !
178,10/01/2024,Avocat,Avec des jeunes enfants,4,Oui,1ère fois pour nous que nous venions en famille en dehors de la elle saison en été.. et on a vraiment apprécié !! décorations de noël et le jardin du père noel au top ! pas trop de queue... on a pu bien profiter.. par contre déçu par la parade..
179,10/01/2024,Avocat,Entre amis,4,Oui,"Toujours très long de passer par un guichet, que ce soit à l’accueil ou dans les point s de restauration du parc. Il est malheureusement que les détenteurs de pass annuels ne puissent pas rentrer sans faire la queue à un unique guichet alors qu’il a un code-bar qui devrait permettre de rentrer via les portiques classiques. Aussi, le parking spécial proche de l’entrée du parc évoqué dans les avantages du pass n’existe visiblement pas. En plusieurs années, je n’ai jamais été stationné au même parking, parfois dans des parkings lointains même en montrant le pass, c’est décevant."
180,10/01/2024,Avocat,Avec des jeunes enfants,5,Oui,"Première expérience au parc Astérix, qui ne sera pas la dernière. 
Nous avons adoré le parc, l'ambiance et les attracations. 
Il y as de quoi satisfaire toute la famille, du plus jeune au plus grand. 
Hâte d'y retourner..."
181,10/01/2024,Opposant,Avec des jeunes enfants,1,Non,"J’ai acheté un coupe fil à 105e qui n’a pas fonctionné car je n’ai jamais reçu le lien mais j’ai été débité de 105e 
Vol manifeste"
182,10/01/2024,Avocat,Avec des jeunes enfants,5,Oui,"Divertissant , effrayant et sympa. 
Un peu trop de queue pendant les vacances scolaires en semaine."
183,10/01/2024,Avocat,Entre amis,4,Oui,Très bonne journée ! Surtout 5 minutes pour se faire photographier avec 3 personnages. Waouh ! Bravo !
184,10/01/2024,Opposant,Avec des jeunes enfants,1,Non,"À part des manèges à sensations, il n'y a pas vraiment d'autres attractions. Très décevant car nous n'aimons pas vraiment cela. 
D'autres part, vos soit disant super animations de Noël, nous les cherchons encore. Votre ""marketing"" est très bien c'est sûr, ou plutôt légèrement mensonger ... 
Je ne parle pas de la non propreté des toilettes, ni de l'accueil de votre personnel ... c'est un métier effectivement, l'attention que nous pouvons apporter aux gens. 
Enfin, un prix excessif ... 51 euros par tête il faut les sortir tout de même ! et la grosse carotte 🥕 si je puis dire pour le parking ... 20 de plus 😡 
Finalement, excessivement déçu et ce pour notre petite famille. 
Plus pour nous, c'est certain."
186,10/01/2024,Avocat,Avec des ados,5,Oui,Nous avons passé une excellente journée en famille
187,10/01/2024,Avocat,Entre amis,5,Oui,Très bon parc d'attraction à sensations fortes. 😁😁
188,10/01/2024,Avocat,Avec des ados,4,Oui,"Séjour en famille. Rien à redire, nous reviendrons."
189,10/01/2024,Avocat,En couple,5,Oui,"Génial ! 
Rajouter peut être plus de rencontres personnages différentes comme césar, Cleopatre ou d'autres personnages récurrents de la BD :-)"
190,10/01/2024,Avocat,Avec des jeunes enfants,5,Oui,"Nous adorons le parc, c’était ma 10 eme visite et la première pour ma puce de 6 ans et demi qui a été enchantée car en âge de faire un maximum d’attractions! Nous espérons y retourner aux beaux jours pour profiter aussi des attractions aquatiques!"
192,10/01/2024,Avocat,Avec des ados,4,Oui,Félicitations pour les décorations de Noël sur tout le parc
194,10/01/2024,Avocat,Avec des jeunes enfants,4,Oui,"J'adore ce parc tous le monde y trouve son compte 
Il y en a autant pour les petits que pour les grands des manèges top et des sensations garantie merci parc asterix on reviendra sans hésiter. 
 
Mme dumas"
195,10/01/2024,Avocat,Entre amis,4,Oui,"Parce génial attractions au top et belle occasion organisation des équipes pour les attractions ! 
Merci a l'équipe de la maison des lutins vraiment génial !"
197,10/01/2024,Avocat,Entre amis,4,Oui,"Excellente journée passée au parc Astérix! Tous les ingrédients sont réunis pour des moments mémorables : attractions, ambiance, décors!"
198,10/01/2024,Avocat,En couple,5,Oui,Belle année passe au parc Astérix merci à vous .
200,10/01/2024,Avocat,Avec des jeunes enfants,4,Oui,Je n'étais pas convaincue par l'idée d'aller au Parc Astérix en hiver mais finalement j'ai passé une superbe journée ! Les spectacles sont vraiment de qualité avec des artistes compétents ! Dommage que certains visiteurs brillent par leur incivilités.
201,10/01/2024,Avocat,En couple,5,Oui,"Superbe journée au parc, des attractions incroyables, avec de vraies sensations fortes, toutatis et oz iris génial !!!!! 
Personnel, très courtois, professionnel et efficace… 
Ça ne traîne pas pour faire monter et descendre « Les Gaulois » des attractions c’est chouette ça limite un peu l’attente… 
Nous sommes allés au parc le 7 janvier, et nous avons fait plus de 10 attractions sur la journée… trop bien!!!! 
À très vite par Astérix 😍"
202,10/01/2024,Avocat,Avec des ados,5,Oui,Excellent parc
203,10/01/2024,Avocat,En couple,5,Oui,"Beau parc avec toutes les attractions pour petits et grands. 
Nous sommes dépaysés à chaque fois"
204,10/01/2024,Avocat,En couple,5,Oui,"Bien, simple et fluide"
205,10/01/2024,Avocat,Avec des jeunes enfants,5,Oui,Superbe parc et hôtel !! À refaire très rapidement
206,10/01/2024,Neutre,Entre amis,3,Non,"Bonjour, je suis au Parc le dernier jours d'ouverture le 7janvier. J'ai été tres déçu par les services proposés : pas de choix de thé, pas possible d'avoir un simple macchiato noisette ou autre chose autre qu'un café ou vin chaud.. pareil pour le repas. Nous avons mangés sur place et les serveurs et cuisine ne communique pas les soucis de stock. Obligé de faire une réclamation à la caisse pour demander autre chose. Toute ses petites chose on gâché mon plaisir du parc . Malgré que l'ambiance était là le parc était très beau et les attractions sont super ainsi que oe spectacle du cirque magnifique ! Je ne reviendrai pas au parc suite à mon expérience."
207,10/01/2024,Neutre,Avec des ados,3,Oui,"Bonjour, nous avons passé dans le parc Astérix à ces jours dans l’ensemble excellent. 
Cependant, nous avons remarqué quelques petits points négatifs qui pourront vous servir à améliorer l’expérience de vos autres. 
Nous trouvons un manque de personnel, les sanitaires à l’intérieur du parc sont très sale, et sur l’ensemble de notre week-end, nous avons trouvé qu’il y avait beaucoup trop de monde (entre une heure et plus de deux heures d’attente par attraction)"
208,10/01/2024,Opposant,En couple,2,Non,"Le parc à beaucoup de potentiel, des thèmes sympa il est dommage que cela ne soit pas poussé au maximum. Les attractions sont variées est cela est vraiment bien. Cependant je trouve dommage que le personnel du parc soit assez désagréable, et trop « wesh wesh ». Aussi je comprends que pour un dernier jour d’ouverture avant travaux annuels que les infrastructures ainsi que le décor soit dégressif et dégradé. D’autant que le prix lui ne l’est pas. Nous payons autant qu’en début d’année où tout est beau et propre. Je pense que le parc voit uniquement par l’argent et se fiche plus ou moins des visiteurs. C’est pour cela que je ne pense pas renouveler le pass saison d’autant que les prix augmentent et que qu’en on souhaite s’exprimer en envoyant des messages au parc nous n’avons jamais de nouvel"
209,10/01/2024,Avocat,Avec des ados,4,Oui,"Le parc est super , la diversité des attractions également, il y en a pour tout les âges. Le seul bémol est le prix de l'entrée"
210,10/01/2024,Avocat,Avec des ados,5,Oui,Venir voir le parc décoré pour les fetes de Noël c est magnifique ils ont une deco de fou bravo pour votre travail
212,10/01/2024,Opposant,Avec des jeunes enfants,2,Non,"- journée passée à attendre : beaucoup trop d'attente pour les manèges a sensations et pour la restauration 
- personnel des manèges peu aimables, trop ""directifs et autoritaires"" 
- rapport qualité/ prix de la restauration vraiment déplorable 
 
Points positifs : la restauration de la cité suspendues"
213,10/01/2024,Avocat,Avec des ados,5,Oui,"C'était super, grandes sensations !"
214,10/01/2024,Avocat,Avec des jeunes enfants,5,Oui,"Votre personnel n'est pas bien formé sur les filotomatix. Les dates et les possibilités n'étaient pas claires que ce soit au téléphone ou surplace. Est ce l'attraction Formulaire A38 ? 
 
Nous avons acheté des pass bronzes pour 12 personnes et un passage unique pour une activité pour 12 personnes. Nous n'avons pas été en mesure d'utiliser ce dernier car l'application nous a empêchés."
215,10/01/2024,Avocat,Avec des jeunes enfants,5,Oui,"Notre première visite pendant la saison du Noël Gaulois. Les décorations et illuminations étaient magnifiques ! Notre petit d'à peine 2 ans a été émerveillé. La diversité des activités nous a permis de passer une journée agréable avec lui, loin des files d'attente. Il a fait ses premiers manèges à ""sensation"" pour les enfants et a adoré ! Nous avons choisi de manger au restaurant avec service à table pour nous réchauffer un peu, le personnel a été adorable avec bébé une fois encore et il s'est vu offrir un kit de coloriage pour passer le temps pendant que les grands finissaient de manger. Le mot de la journée c'était :""Encore !"". Ça veut tout dire quand aux beaux souvenirs qu'on en gardera."
216,10/01/2024,Avocat,Avec des jeunes enfants,5,Oui,"Le parc Asterix est vraiment agréable il est aussi bien pour les grands que les petits, tout le monde y trouve son compte. Plutôt impressionnée par la qualité des spectacles je dois dire. très bon parc, je le recommande"
217,10/01/2024,Avocat,Avec des jeunes enfants,5,Oui,Je suis fan du parc Astérix il y en a pour tous les goûts et la queue des attractions et plus ou moins raisonnable. Les petits comme les grands s’amusent et veulent y retourner comparé à d’autres parc ou en une journée on ne peut faire que 2 ou 3 attractions du à la queue!
218,10/01/2024,Avocat,Avec des ados,5,Oui,Parc à forte émotions et univers différents. Propre et personnel disponible. Un agréable moment en famille.
219,10/01/2024,Neutre,Avec des ados,3,Oui,"Le seul point négatif est la restauration. 
Assez honnête use pour une qualité très médiocre . 
Pas à la hauteur du parc qui est , pour le reste , de grande qualité"
220,10/01/2024,Avocat,En couple,5,Oui,"Le parc Astérix est génial. 
Recevoir des sensations hors du commun garantie. 
Le parc peut garantir des sensations différentes, comme pour les petites, comme pour les grands, il est adapté pour tout le monde. 
Pour ma part, c’est le meilleurs parc. Vivement la réouverture en 2024."
221,10/01/2024,Avocat,Avec des jeunes enfants,5,Oui,Journée au top comme toujours au parc Astérix !
222,10/01/2024,Avocat,Avec des jeunes enfants,5,Oui,"Très belle découverte ce parc. 
Que du positif ++++"
224,10/01/2024,Avocat,Avec des ados,4,Oui,Très agréable séjour avec nos enfants et petits enfants
227,10/01/2024,Avocat,Avec des jeunes enfants,4,Oui,"The atmosphere was good and we liked Christmas decorations, but since you have decided to work in the winter there should be more places to heat up. There should be a possibility to spend some time in heated room. And there should be more heated places to eat. We spent 1 hour in the queue outside waiting for pizza and then even inside in was not hot. The temperature was 2 degree. At least there should be a possibility to buy hot drink without queue everywhere."
229,10/01/2024,Avocat,Avec des ados,5,Oui,Très heureux d’avoir passé une journée au parc. Le personnel du restaurant Le Cirque est exceptionnel et d’une gentillesse que l’on aime retrouver à chaque passage.
233,10/01/2024,Avocat,Avec des ados,5,Oui,Très belle journée!!
234,10/01/2024,Avocat,Avec des ados,4,Oui,"Attractions au top en matière de sensation pour goudurix, osiris et Toutatis notamment. Très belle journée en famille. 1ere fois avec les passe coupe fil! Filotomatix or franchement c'est bien pratique et aucun regret. Juste j'ai voulu les acheter la veille mais impossible je croyais que pas dispo mais bloqué qd le parc est fermé ...dommage on paye plus cher le jour même sur place...."
235,10/01/2024,Avocat,Avec des ados,4,Oui,Toutatis est la meilleure des attractions suivie de osiris question sensations fortes ont est servie. J'ADORE
236,10/01/2024,Avocat,Avec des ados,5,Oui,Nous sommes ravis de notre séjour au sein du parc asterix. L hôtel était mieux que ce qu on imaginé très proche du parc de très propre magnifique et le parc était génial
237,10/01/2024,Avocat,Entre amis,5,Oui,"Merci au personnel très agréable 
Super d’avoir eu des spectacles gratuits de cirque et de patin"
238,10/01/2024,Opposant,Entre amis,2,Non,"Le personnel est très désagréable, condescendant et malpoli…. Je comprends que ça soit de jeunes personnes / étudiants mais j’ai leur âge (21 ans) et je sais me tenir professionnelle au travail… J’ai passé un moment pénible (moqueries par les staffs du Tonnerre de Zeus, speedée par les staffs du Tootatis)… À part gâcher l’expérience client, je ne sais pas à quoi servent le manque de sérieux du personnel"
239,10/01/2024,Neutre,Entre amis,3,Oui,"Park de bonne qualité 
Préparer votre pic nique pour faire la queue"
240,10/01/2024,Avocat,Entre amis,5,Oui,"Un univers féerique en hiver et rafraîchissant en été ! Chaque journée passée au parc est inoubliable ! L’atmosphère et la propreté qui règnent en ces lieux n’ont rien à envier aux autres parcs ! Les attractions sont toutes plus surprenantes les unes que les autres, il y en vraiment pour tous les goûts et la sécurité est vraiment le maître mot du Parc Astérix. Tout est pensé pour que le visiteur ait des étoiles pleins les yeux et savoure chaque moment en partant à la découverte des moindres recoins de ce très chouette endroit. On aime toujours autant les petites touches d’humour qui sont la marque de fabrique d’Astérix et les décors aussi grandioses que magnifiques (dans les files d’attente mais pas que !). Passage obligé au moins une fois dans sa vie (voire une fois / mois !) 🐗🏺🎢"
241,10/01/2024,Avocat,Avec des jeunes enfants,4,Oui,"Ravis de notre journée avec des enfants de 5 à 11 ans. Les petits ont aimé SOS Numérobis, l'hydre de Lerne, le film Attention Menhir, Gyrofolix. Les grands ont aimé DiscObélix, la Trace du Hourra, OzIris, Tonnerre 2 Zeus. Attention à Pégase Express : très apprécié par notre fille de 9 ans, mais notre fils de 5 ans a eu peur."
242,09/01/2024,Avocat,Avec des ados,5,Oui,"Très chouette parc! 
Nous avons passés de merveilleux moments en famille, comme à chaque fois !! 
Merci à toute l'équipe du parc qui œuvre pour notre bien !"
243,09/01/2024,Avocat,Avec des jeunes enfants,4,Oui,"Nous avons passé un super séjour ! L'hôtel ""les quais de Lutèce"" est magnifique. L'accueil était top. Et nous avons apprécié aussi bien le petit-déjeuner que le dîner sur place. Pour le parc, nous avons surtout profité des attractions pour les tout-petits et il y avait de quoi ravir les enfants. C'était une très belle première expérience. Nous reviendrons avec plaisir !"
244,09/01/2024,Avocat,Avec des ados,5,Oui,Spectacles de très très bonne qualité
245,09/01/2024,Neutre,Avec des ados,3,Oui,Peu d’attractions ouverte
246,09/01/2024,Avocat,Avec des ados,4,Oui,Très bien pour une famille de 4 personnes avec deux pré ados qui aiment les sensations
247,09/01/2024,Avocat,Entre amis,4,Oui,Chouette parc d'attractions mais le parking est assez cher et la nourriture n'est pas top. Nous avons eu aussi la mauvaise chance d'avoir beaucoup de fil d'attente.
248,09/01/2024,Opposant,Avec des ados,2,Non,"4 entrées + 4 filotomatix illimité + 4 Buffet du cirque+ 4 navettes Roissy/le parc = je vous laisse faire le calcul. Le prix n est pas vraiment le problème quoi que non négligeable. 1 => hygiène des toilettes et des restaurants ( des souris au relais gaulois) . 2 => votre personnel nous parle comme de la merde ! C est inacceptable de s adresser de cette manière a des clients que soit le prix qu ils paient... arrêter de recruter des personnes qui n ont aucun sens de la gestion de la relation client. 3=> c est un détail mais goudurix et tonnerre de Zeus sont trop viellos ( nous faisons entre 5 et 10 parcs par an, je peux donc faire une comparaison légitime)."
249,09/01/2024,Neutre,Avec des jeunes enfants,3,Oui,"Malgré l'ambiance festive du parc, reste le gros problème de l'attente. On a dû abandonner en plein milieu de la queue car avec des enfants, difficile de les faire patienter presque une heure pour accéder à chaque attraction. 
Je ne pourrai pas dire victime de son succès car cela veut dire que il n'y a pas assez d'attractions diversifiées, qui fait que les affluences sont importantes sur chaque attractions."
250,09/01/2024,Avocat,Avec des ados,4,Oui,Toujours enchantés de nos séjour au parc Astérix
251,09/01/2024,Avocat,Entre amis,5,Oui,Un séjour au top dans l’hôtel la cité suspendue et dans le parc.! Incroyable !
252,09/01/2024,Avocat,Entre amis,4,Oui,Toujours pareil une très bonne ambiance sur le parc très très bonne journée décoration pour Noël très bien
254,09/01/2024,Avocat,Avec des ados,5,Oui,"Nous avons passé une excellente fin d'année, à refaire !"
255,09/01/2024,Avocat,Avec des jeunes enfants,4,Oui,"Super Parc nous venons depuis 3 ans avec le pass annuel. Malheureusement les spectacles se ressemblent d'année en année. Pour ce qui est des attractions, je trouve qu'il y a de plus en plus d'attractions a sensations fortes et de moins en moins d'attractions familiales comme national 7 , Epidemais etc.... Pour ce qui est de Noël le jardin du père noël juste magnifique , la parade était jolie a voir . Les feux d'artifice en été et a Noël sont vraiment sympathique. Petit clin d'oeil a Fritatopoulos ou le cheddar ognion est très agréable. Dans l'ensemble un bon Parc pour passer un moment agréable en famille."
256,09/01/2024,Opposant,Entre amis,2,Non,"1h d’attente minumum par attraction pour 1 minute de plaisir beaucoup trop long. 
0 boisson a l’heure de manger que de l’eau. 
Mettre en place un nombre d’entre maximum afin d’eviter cette attentes interminable"
257,09/01/2024,Avocat,Avec des ados,5,Oui,Séjour parfait 👍 ambiance de Noël superbe et hôtel excellent
259,09/01/2024,Neutre,Avec des ados,3,Non,"Journée au parc décevante: il faisait froid, et il faut savoir que quasiment tout est en extérieur; il n'y a pas le moindre café pour se poser un peu au chaud. Et l'affluence était telle que l'on attendait très longtemps partout: 1h30 pour une seule attraction, 45 minutes juste pour avoir un hot-dog ou pour la moindre boisson.... au final on n'a quasiment rien pu faire dans une journée, on a renoncé à toutes les attractions sympa (pour les grands). On n'a peut-être pas eu de chance, mais les infrastructures et le nombre d'employés ne sont clairement pas à la hauteur de toute de la publicité faite. Sinon ça aurait sans doute pu être sympa...."
261,09/01/2024,Opposant,En couple,2,Non,Pas de sourire dans le parc. Les employés sont tristes et ternes. Dommage
262,09/01/2024,Avocat,Avec des jeunes enfants,5,Oui,"Une nouvelle super expérience avec mes 2 bambins. 
Le gros gros point noir est la rotation des bus. 2 bus seulement pour récupérer une file de personnes qui a du attendre 1h30 dans le froid avec des enfants en bas âge pour rejoindre le parc… Dommage car nous voudrions que ce moment dans le parc devienne une tradition annuelle avec mes enfants"
263,09/01/2024,Avocat,Avec des jeunes enfants,4,Oui,Toujours heureux de revenir au parc.
264,09/01/2024,Neutre,Avec des jeunes enfants,3,Oui,"Gros problème au niveau d un restaurant de crêpes 1h30 pour 3 crêpes dans le froid horrible. 
Problème d organisation du personnel qui discutait entre eux . insupportable"
265,09/01/2024,Avocat,Avec des jeunes enfants,5,Oui,Je tenais à remercier les gens qui y travaillent une gentillesse énorme on ne m'a pas laissé yomber une roue crevé je suis handicapé et il pleuvait merci aux gars de la sécurité du coup de main. Découverte du restaurant le cirque super bon et le choix énorme les serveurs et serveuses super sympa
266,09/01/2024,Avocat,Avec des jeunes enfants,5,Oui,Très beau parc de loisirs toute la famille a adoré
267,09/01/2024,Avocat,Avec des ados,5,Oui,Parc très accueillant pour les petits et les grands en passant par les ados . Très très propre et personnel au top. Moment de détente à conseiller à tous
268,09/01/2024,Avocat,Avec des jeunes enfants,5,Oui,Excellent pour une journée en famille avec des enfants
269,09/01/2024,Avocat,Avec des jeunes enfants,5,Oui,Nous avons passé une très belle journée malgré le froid!
270,09/01/2024,Neutre,Entre amis,3,Oui,"Très déçue, je n’étais pas venu depuis un petit moment, arrivée à 10h30 le 6 janvier 2023, nous devions repartir à 20h à la fermeture et nous avons écourté à 18h30 tellement nous avons étés déçues , beaucoup trop de monde, nous n’avons pu faire que 4 attractions sur l’ensemble de la journée et même en essayant de persister pour tenter de faire toutatis il y avait encore minimum 70 min de fil d’attente et franchement au bout d’un moment on préfère jeter l’éponge et partir, pour le prix du billet en + de manger à l’intérieur du parc. , décevant, il faudrait penser à un autre système pour mieux gérer le monde dans le parc…"
271,09/01/2024,Avocat,Avec des ados,4,Oui,"Parc fait le 06/01/ pour les 20 ans de notre fils! Mes 2 enfants sont ravis des attractions avec sensations fortes , mais moi je suis un peu déçu,je m'explique ; Première attraction après 1h 30 d'attente en.panne ....ont décide de le refaire vers 16h bim encore en panne après 45 minutes d'attente !! Ensuite il n'y avait pas assez de kiosque ouvert, conséquence 1 file d'attente interminable pour un simple café pour ce réchauffer ! Et enfin je pensais voir plus de personnage dans le parc mais ça ont y peu rien je suppose. Mon fils garde un excellent souvenir pour ces 20 ans , c'est le principal. 
J'espère pouvoir le refaire en juin (habitant du 24 , ancienne Picarde)"
272,09/01/2024,Neutre,Avec des ados,3,Non,"Parc sympa mais mauvaise fréquentation. Les gens doublent dans les fils d'attentes, mon sac a été ouvert alors que j'y veillais particulièrement, heureusement il n'y avait rien dedant... 
Les attractions sont supers et très diversifiés mais l'attente n'est pas protégé, ni de soleil, ni de la pluie, ni des personnes malveillantes : près de deux heures à attendre sous la pluie pour nous... 
Ils devraient renforcer la sécurité avec des agents. 
Le personnel du parc est très bien mais le personnel des stands alimentaires horrible : à 12h15, j'ai attendu 40min un panini alors qu'il n'y avait AUCUN client au stand, le serveur attendait son responsable pour faire le panini (j'avais juste payé). Au bout de 40min, il me dit qu'il fallait que j'amène mon sandwich si je ne pouvais pas attendre..."
273,09/01/2024,Avocat,Avec des ados,4,Oui,"Clairement, le Parc Astérix est un parc conçu pour la famille. Il comporte des attractions pour tous les âges, mais plaira surtout aux amateurs de sensations fortes !"
274,09/01/2024,Avocat,Entre amis,5,Oui,Super top
275,09/01/2024,Avocat,Avec des ados,4,Oui,"Super journée, très bien pour une famille avec des ados et pré-ados"
276,09/01/2024,Avocat,Avec des jeunes enfants,5,Oui,"Tout parfait! Nous sommes venus 2 fois en 2 mois et on a adoré, surtout mon fils de 6 ans!"
277,09/01/2024,Opposant,Avec des ados,2,Non,"Nous sommes allés en famille au Parc Astérix pour les sensations fortes. Pour ça, c'était bien, juste pour ça. Nous n'avons pu faire que 4 attractions pour environ 07h00 de files d'attentes, c'est du grand n'importe quoi, vive le business. Comment peut-on accepter autant de monde ? Nous n'avons pas pu profiter du parc. 
Mais on pense bien sûr, aux plus aisés, qui auront la chance de pouvoir se payer des pass filomatic. Une fois de plus, vive le business."
278,09/01/2024,Opposant,Entre amis,2,Oui,Nous sommes venus samedi l application n indiquait pas les bons temps d attente au final 2 h d’attente contre 60 min annonces sur l application pour Osiris
279,09/01/2024,Avocat,Avec des jeunes enfants,5,Oui,Super séjour et accueil
280,09/01/2024,Avocat,Avec des ados,5,Oui,Ambiance conviviale malgré le monde et l'attente durant le passage des attractions. Très bonne idée d'avoir prolongé jusqu'à la fin des vacances scolaires d'hiver.
281,09/01/2024,Avocat,Avec des ados,4,Oui,Nous avons apprécié le parc en cette période d'hiver. Chouette ambiance.
282,09/01/2024,Avocat,Entre amis,5,Oui,Un superbe séjour !
283,09/01/2024,Avocat,Avec des jeunes enfants,5,Oui,"Excellent séjour, des attractions impressionnantes, des spectacles au top, on s'est régalés!"
284,09/01/2024,Avocat,Avec des jeunes enfants,4,Oui,"Un parc parfait pour les amateurs de sensations et de manèges de tout âge. 
Le village des tout petits est parfaitement adapté, peu d'attente et des activités variées pour qu'ils s'initient aux sensations et à la magie du parc. 
l'ouverture a 11H a entrainé une longue attente en nasse ce qui est dommage comme démarrage de journée. 
Une jauge trop large qui entraine des attentes trop longues pour les grandes attractions et même des plus petites, avec des clients pass express qui passent en continu devant nous. 
Même pour acheter une frite, il faut attendre 30 min... 
Croiser des personnages reste enchanteur pour les petits, mais trop rare. 
hormis ces quatre points, cela reste une belle expérience que je renouvellerai. 
Merci le parc Asterix"
286,09/01/2024,Avocat,En couple,4,Oui,"La réputation du parc n'est plus a faire pourtant, 
 
Comment un stand de sandwich peut avoir tant de mal a fonctionné et se retrouver en rupture de stock a 13h30. Puis surtout ne pas informer les clients vu la queue au lieu de les laisser attendre 30 min pour rien. 
 
Mis a part cela superbe journée"
287,09/01/2024,Avocat,Entre amis,5,Oui,Trop d’affluence
288,09/01/2024,Avocat,Avec des ados,4,Oui,"Très chouette attraction, tout est bien organisé ! Rien à redire !"
289,09/01/2024,Neutre,En couple,3,Non,Gros problème sur la restauration plus de plats proposés au relai gaulois sous prétexte de fermeture du parc ainsi qu’une très longue attente à pizza caius avec des pizzas qui n’étaient pas cuites correctement. Peu de wagons dans tonnerre de zeus au vus de l’affluence
292,09/01/2024,Avocat,En couple,5,Oui,"C'est toujours avec un grand plaisir que nous y venons, même si je m'aperçois que nous sommes souvent très nombreux dans les files....par toutatix !!!"
293,09/01/2024,Neutre,Entre amis,3,Oui,"Ce parc a tout pour me faire rêver mais alors que je vois le bitume au sol et l’état de décomposition avancée de certaines attractions comme Discobélix qui tombe ruinés, j’ai de la peine. La multiplication des intérimaires mal formés et qui ne savent rien n’aide pas à améliorer l’expérience… Je vois les efforts faits sur pleins de points mais selon moi ça ne sert à rien d’ouvrir Toutatis qui est une merveille, si c’est pour nous laisser embarquer dans du désastreux comme La Croisière d’Epidemaïs… 
J’aime profondément ce parc et j’ai envie de le voir briller, j’ai envie que les rails des coasters soient repeints, que les graffitis soient retirés et que des attractions ouvertes il y a moins de 10 ans soient entretenues avec plus de soin. Ça atteint un point où c’est intolérable…"
294,09/01/2024,Avocat,Avec des jeunes enfants,4,Oui,Voir remarques plus bas
296,09/01/2024,Avocat,Avec des jeunes enfants,5,Oui,"tres bon parc avec des attraction pour tous , belle parade et superbe feu d artifice"
297,09/01/2024,Avocat,Entre amis,4,Oui,J’aurais aimé qu’il y est plus d’options pour la restauration et+ de visibilité par rapport au temps d’attente pour les attractions voir limiter le nombre de visiteurs si possible
298,09/01/2024,Avocat,Avec des ados,5,Oui,"Parc excellent pour les amateurs de sensation. 
Séjournez à l'hôtel du arc c'est super vous accéderez avant l'ouverture aux grosses attractions !!!"
299,09/01/2024,Avocat,Avec des jeunes enfants,4,Oui,Le parc en lui même est bien mais le séjour à l'hôtel reste à améliorer !!
300,09/01/2024,Avocat,Seul,5,Oui,"Trop mignon avant l'ouverture Astérix qui offre un petit cadeau à une petite fille les yeux qui pétillent. Des animations Noël superbes avec des artistes investis notamment la chanteuse et ses musiciens, tous en pistes c'est très sympa en cette saison. Seul pour faire les grandes attractions je regrette que les visiteurs utilisent le single ride en groupe ce qui tronque l'utilité normale pour les personnes comme moi . C'est vrai qu'il y avait vraiment beaucoup de monde , quel succès !"
301,09/01/2024,Avocat,Avec des ados,4,Oui,"Trop de queue 
Produits trop chers 
Pas de lieu pour les gens qui ne font pas les attractions (accompagnants enfants,parents avec poussettes). 
Sinon super"
302,09/01/2024,Neutre,Entre amis,3,Oui,"Personnel peu aimable ( pas de sourir , sur une attraction la personne en poste mettait des coups de pied pour tenir la porte pour ne pas sortir les mains de ses poches !!!), on est un peu pris pour du bétail , état général sale. Ça fesait une bonne dizaine d'années que j'étais venu j'avoue être un peu déçu de l'état et l'ambiance générale . Un peu de musique ou de bruitages aiderai à passer le temps dans les files d'attente ."
303,09/01/2024,Avocat,Avec des ados,5,Oui,Nous avons passé une Année de folie au parc. Vivement le printemps pour qu’on y retourne.
305,09/01/2024,Opposant,Entre amis,2,Non,"Nous sommes venus sur le parc le Samedi 6 janvier 2024, nous savions qu'il y aurait du monde mais à vrai dire pas à ce point. Nous avons fait énormément de queue pour TOUT. ( attraction , restauration , toilette... ) c'était oppressant et gâche énormément l'expérience et l'immersion dans le parc. 
Concernant l'accueil et le personnel je n'ai jamais vu ça , ayant déjà fait beaucoup de parc d'attraction c'était déplorable. Le personnel vous crie dessus que dis-je vous hurle dessus ,niveau amabilité on repassera dès l'accueil au tickets d'entrée c'était quelques chose.. 
Mise à part ça la nouvelle attraction Tootatis est vraiment à faire elle est incroyable par contre j'espère que vous êtes prêt à faire 2h10 de queue c'est infernal. Même en single rider. 
Les decos de noël étaient sympa"
307,09/01/2024,Avocat,Entre amis,4,Oui,sympa
308,09/01/2024,Avocat,Avec des jeunes enfants,5,Oui,"Nous n'avons vu aucun défaut à ce parc ! l'accueil du personnel, les spectacles, l'ambiance, les attractions...tout était parfait ! 
Le seul point noir...la météo, mais ça personne ne le maitrise !!"
309,09/01/2024,Opposant,En couple,1,Non,"Files d’attente de la honte aux attractions, toilettes, pour les boissons. Personnel peu agréable. 
Je recommande plutôt europapark"
310,09/01/2024,Avocat,Avec des ados,5,Oui,Toujours aussi agréable d'aller dans ce parc malgré beaucoup de monde a cette période
311,09/01/2024,Avocat,En couple,4,Oui,"Super parc, juste le personnel en charge du placement dans les attractions ne sont pas diplomates , et le personnel travaillant dans la restauration sont vraiment mauvais (lent, pas agréable, pas professionnel) 
Mais très bonne journée"
312,09/01/2024,Opposant,Avec des ados,1,Non,"Beaucoup trop de monde, 3 manèges en 6 heures, vraiment mauvaise expérience. On voit que la rentabilité prime. 
Ne reviendra pas pendant des vacances scolaires"
313,09/01/2024,Avocat,Entre amis,4,Oui,"Parc toujours aussi génial, je déplore tout de même que certaines attractions ne sont pas accessible à des personnes corpulente et que certains membres de l'équipe se donne de la peine et d'autres ne font aucun effort. 
Faire la queue pendant plus d'une heure et se faire refoulé pas très gentillement c'est pas cool."
316,09/01/2024,Neutre,Avec des jeunes enfants,3,Oui,"Visite le 06/01/2023, beaucoup de monde en moyenne 70à 100min d'attente sur les attractions comme Toutatis et Oziris. Les attractions avec moins d'attente semblaient être racourcies, un seul tour de circuit sur numero bis c'est court! Et la galère qui ne fait que 5 allers retours pour ne pas monter plus haut qu'une balançoire, c'est juste. 
Tous les stands de nourritures n'étaient pas ouverts provocant de longues files d'attentes et ils ont été en rupture de stock de sandwichs chauds assez rapidement. 
En résumé on a passé notre journée à attendre."
317,09/01/2024,Avocat,Avec des ados,5,Oui,Magnifique
318,09/01/2024,Avocat,En couple,5,Oui,C’était génial ! Un parc exceptionnel !
319,09/01/2024,Avocat,Entre amis,4,Oui,"Excellentes attractions pour ceux qui aime les sensations fortes (très fortes) mais aussi pour les plus petits,avec des attractions rien qu'à eux."
320,09/01/2024,Neutre,En couple,3,Non,"Beaucoup de trop de visiteurs dans le parc. Certaines attractions plus de 2h30 d'attente... 
Pourquoi pas limiter le nombres de visiteurs par jour?"
324,09/01/2024,Avocat,Avec des jeunes enfants,5,Oui,Très satisfaite de notre séjour les enfants étaient ravie 🤩 ont cherché déjà les billets pour notre prochaine visite
325,09/01/2024,Opposant,Avec des ados,2,Non,"Temps d'attente de 1h40 pour des attractions qui dure nt moins d'une minute, on nous prend pour des animaux. 
30 minutes pour commander un café, la plupart des restaurants et snacks fermés. 
Scandaleux quand on paie 260 euros pour 5 personnes."
326,09/01/2024,Avocat,Entre amis,5,Oui,Très bien juste le lieu (ou entrée) pour acheter les billets nn est pas suffisamment bien indiquée
327,09/01/2024,Avocat,Entre amis,4,Oui,Beaucoup de monde et beaucoup d'attente mais un très bon moment entre amis !
328,09/01/2024,Opposant,Entre amis,2,Oui,"Énormément de monde. En 9h d'ouverture le 6 janvier, je n'ai pu faire que 3 attractions, chacune avec 2 à 3h d'attente (les temps d'attente sont sous estimés sur place). Visiblement, remplir le parc à tout prix est prioritaire par rapport à l'expérience de chaque Gaulois."
329,09/01/2024,Avocat,Avec des jeunes enfants,4,Oui,2 super journées dans le parc en famille. Beaucoup de manèges pour les plus petits et des supers spectacles nous ont ravis.
330,09/01/2024,Neutre,Avec des ados,3,Non,Beaucoup trop d'attente! Journée ratée pour les enfants. Nous n'avons pas pu faire Toutatis ou Tonnerre de Zeus (près de 2 heure d'attente!)
331,09/01/2024,Avocat,Avec des jeunes enfants,4,Oui,Énormément de monde
332,09/01/2024,Avocat,En couple,4,Oui,"Beau cadre décoré avec soin, dommage que le personnel aux attractions soit si désagréable."
333,09/01/2024,Avocat,Avec des ados,4,Oui,Trop d'attente pour faire une attraction de 2 mn.Dommage .
334,09/01/2024,Avocat,Avec des jeunes enfants,4,Oui,Toujours autant de monde faut faire la queue minimum 45 min à 2h pour faire une attraction !!! Pas le temps de tout faire dommage car les manèges sont top. Juste un petit bémol ça serait bien de mieux organiser le jeu tous en piste un vrai Bordel !!!
335,09/01/2024,Neutre,Entre amis,3,Oui,"Le parc est top, mais malheureusement comme tous les parcs de ce genre, on passe beaucoup trop de temps à attendre... 
Aussi, je suis déçu car les temps d'attente indiqués ne sont absolument pas correct... 
En gros pour profiter un minimum il faut faire qu'une seule grosse attraction dans la journée et après profiter des animations et des petites attractions."
336,09/01/2024,Neutre,Avec des jeunes enfants,3,Oui,"Très bon moment passé en famille mais l’organisation pour les PSH est à revoir, notamment le fait que les files d’attente PSH et filotomatix soient les mêmes n’est pas une excellente idée à mon sens. La propreté des sanitaires en période de forte affluence n’est pas au rdv."
337,09/01/2024,Avocat,Avec des ados,5,Oui,"Déçu trop de monde on a fait que 3 attractions samedi 6 janvier , des files d attentes énormes que ce soit dans les attractions, les points repas et même les WC ."
338,09/01/2024,Avocat,En couple,4,Oui,Ensemble correcte
342,09/01/2024,Avocat,En couple,5,Oui,"Nous avons passés un super séjour au Parc Asterix, le personnel est accueillant et disponible. Nous avons profité de l'ambiance de Noël, où tout était mis en œuvre pour nous faire passer un moment magique. Concernant les attractions, il y en a pour tous les goûts et toutes les émotions !"
343,09/01/2024,Neutre,En couple,3,Oui,"Bonjour, 
C'est un super parc chaleureux mais voilà quelques petits soucis à corrigé sont tout de même présent tout d'abord les attentes aux attractions sont interminables, il y a beaucoup trop de monde (exemple: toutatis plus de 2 heures ) mais aussi tonnerre de zeus goudurix et j'en passes ..... 
L'attente aussi pour se restaurer était bien présente. 
Et quelques parties du Marché de Noël se ferment en pleine après midi c est bien dommage. 
Merci"
344,09/01/2024,Avocat,Avec des jeunes enfants,4,Oui,Bien. Dommage qu'il y avait des attractions fermées. Pas assez d'attractions pour les petits.
347,09/01/2024,Neutre,Avec des ados,3,Non,"Trop de monde, manque de personnel, la moitié des points de vente boissons gaufres crêpes....étaient fermées donc d interminables files.... 
1h30 d attente en moyenne par attraction."
348,09/01/2024,Avocat,Avec des jeunes enfants,4,Oui,Une expérience merveilleuse et une ambiance de Noël très festive.
349,09/01/2024,Avocat,Avec des ados,5,Oui,"Comme à chaque fois que nous venons en famille, nous passons un sejour des plus agréable! Tout le personnel est sympathique et le parc est tellement depaysant. 
Nous avons malheureusement eu une meteo des plus defavorable et extremement pluvieuse. Mais l’idée de se mettre autour d’un des brasero est plus que reconfortante…. Nous avons passé 2 jours au top !"
350,09/01/2024,Avocat,Avec des ados,4,Oui,"Belle journée passé au parc Astérix. Mais comme tous les parcs trop de file d'attente ça qui gâche un peu le plaisir. 
Il serait bien aussi de faire des bars fermé ou nous pourrions prendre un café au chaud"
351,09/01/2024,Avocat,Avec des jeunes enfants,5,Oui,"Le parc asterix est aussi bien pour les petits que pour les grands, nombreuses attractions et spectacles sympa je recommande vivement le filotomatix or rapport qualité prix top sur 2 jours nous l avons pris 1 jour ,ambiance bien seul bémol la nourriture chère et bof mais bon c est valable pour tous les parcs dommage qu il n y est pas de restaurants autour du parc autre que celui de l hôtel pour dîner"
353,09/01/2024,Avocat,En couple,4,Oui,Magnifique journée le seul point négatif beaucoup trop de temps d’attente. Nous sommes arrivés à 11h30 et nous sommes partis à 19h. En 8h nous avons pu fair que 4 attractions car 1h30 d’attente ..
354,09/01/2024,Avocat,Entre amis,4,Oui,"Nous avons passé une très bonne journée au parc. 
L’ambiance est top. Il y a des feux aménagées pour se réchauffer. Seul problème, l’attente dans les attractions, Nous avons pris le pass pour accéder plus rapidement au attraction (19,00€/personne) et nous avons passé une bien meilleure journée que si nous avions fait la file d’attente. 
Prévoir également 20€ pour le parking."
355,09/01/2024,Avocat,Avec des jeunes enfants,5,Oui,"Super moment en famille au Parc Astérix ! Bonne ambiance de Noël, spectacles de haut niveau, bonnes attractions pour enfants en bas âge et adrénaline assurée pour les autres !! 
Repas au top avec un large choix, personnel très sympathique et chambres très propres. 
Je reviendrai sans hésitation."
356,08/01/2024,Avocat,Avec des ados,4,Oui,"Agréablement surprise par le parc. Bonne ambiance et bien décoré pour Noël. 
Parc à taille humaine permettant de se balader tranquillement et d’apprécier le village gaulois tout le long entre les attractions familles et à sensation."
359,08/01/2024,Neutre,Avec des ados,3,Non,"Je me permets de vous écrire pour vous manifestez mon mécontentement général. En effet nous y sommes allée à 5, 3 adultes et 2 pré ado, nous n'avons pas passé une journée idéal. Je suis déjà déçu de voir que plusieurs attractions étaient fermés pour Noël ( j'aurai aimé le savoir avant de venir), du coup le monde présent était rué sur les attractions ouvertes ce qui a engendré beaucoup d'attente, du coup mes enfants on essayer de passer par la file single mais oziris était fermé et 45min d'attente à toutatis. Le parc m'a paru sale, la partie couverte pour accéder a la patinoire etait dans un état lamentable, on a déjeuné sur le pouce dans un snack à burger ou il y avait des déchets au sol, à partir de 17h plus de lumière dans les allées. Je suis déçu d'avoir dépenser autant d'argent pour ça"
361,08/01/2024,Neutre,Avec des jeunes enfants,3,Non,Vous nous demandez d'acheter les billets des navettes la veille vous savez donc le nombre de personnes qui vont l'emprunter mais le temps d'attente est quand même deux 2h nous avions un petit de 2 ans avec nous dans le froid c'est inadmissible.
362,08/01/2024,Avocat,Entre amis,5,Oui,"Très bon moment en famille passé au parc Astérix. 
Il y a une diversité D’attraction qui convient à tous les âges."
363,08/01/2024,Avocat,Avec des ados,4,Oui,Très bonne expérience pour cette première vusite dans le parc. Beaucoup d'attractions à sensation fortes. Hôtel très propre et accueillant avec un petit déjeuner de qualité.
364,08/01/2024,Avocat,Avec des ados,5,Oui,Facile et clair
365,08/01/2024,Avocat,Avec des ados,4,Oui,"Très belles attractions, plein de sensations fortes. Mauvaise méteo... mais du coup pas d'attente pour profiter un maximum."
366,08/01/2024,Avocat,Avec des ados,5,Oui,"De super manèges, une application qui fonctionne très bien pour nous guider dans le parc. Un super séjour"
368,08/01/2024,Avocat,Avec des jeunes enfants,5,Oui,"Séjour en famille parfait, les manèges, les restaurants et les spectacles sont magiques. Petit bémol de la météo."
370,08/01/2024,Neutre,Avec des jeunes enfants,3,Non,"Très déçu de notre visite pourtant ce n'était pas la première.... Mais mon fils a été violament poussé par une opératrice sur l'attraction tous en piste sur les luges avant même qu'il ne soit accroché celui-ci à été projeter en arrière tombant sur la dos et de ce fait c'est retrouvé trempé, ayant du quitter le parc plus tôt car pas de change nous n'avons pas pu profiter pleinement de cette journée, nous avons donc demander une compensation car nous n'avons pas pu voir la parade et le feu d'artifice ... 
Après avoir écrit au service client avec la vidéo à l'appuie de se geste de l'opératrice il nous a été répondu que cela n'était pas possible et bah je peux dire que c'était notre dernière visite ...."
371,08/01/2024,Avocat,Avec des ados,4,Oui,personnel qui gere certains manèges à sensations très désagréable
372,08/01/2024,Avocat,Avec des ados,4,Oui,"Le Parc est très bien décoré et il y a des attractions qui ont ravis les membres de la famille. Les 2 petits bémols concernant la journée sont pour le temps d'attente dans les attractions qui n'était pas vraiment réaliste lors de notre journée, car il ne doit pas prendre en compte les gens qui prennent les coupes files (en payant un supplément avec les Pass) et le prix du Parking à 20€ que je n'avais pas vu et qui ne fait pas vraiment plaisir vu que nous n'avons pas d'autre choix une fois dans la queue du parc..."
373,08/01/2024,Neutre,Avec des jeunes enfants,3,Oui,Dommage que des attractions pour la famille ferme plus tôt sans information préalable!
375,08/01/2024,Avocat,Avec des ados,5,Oui,"Parc génial, pour tous les âges, sensations fortes garanties !!! Toujours trop d'attentes dommage..."
376,08/01/2024,Avocat,Entre amis,5,Oui,"Très bonne saison 2023 avec l'arrivé du Festival Toutatis. 
Le personnel est très impliqué"
377,08/01/2024,Avocat,Avec des ados,5,Oui,"Une très bonne journée au parc en cette saison de Noël. Des décorations lumineuse splendide, des attractions au top, un village de noël sympathique et des activités à la patinoire qui ravissent petits et grands."
378,08/01/2024,Avocat,Avec des ados,4,Oui,"Parc moins intéressant que lorsque les beaux jours sont là. 
Plus de personnages du monde d'Astérix."
379,08/01/2024,Avocat,Avec des ados,5,Oui,"malgré d’ énormes contraintes financières rentabilité et autre mais là pardon de le dire maïs félicitations pour la totalité de notre séjours 
quai de lutèce au top : confort propreté insonorisation 
berges de seine : la très bonne surprise !!!!! excellent rapport qualité prix produits bien travaillés et surprenant ( langoustines, tataki….) 
parc excellent et à dimension humaine. on retrouve l ambiance astérix. vraiment rien à redire 
 
une mention très spéciale pour l ensemble du personnel !!!!!!!! sourire serviable efficace poli motivé franchement vous avez des perles entre vos mains pas de nonchalance ou gens blasés comme dans d autres parcs….. c est vraiment LA bonne surprise 
 
pour une première c est très reussi et ça donne envie d y revenir histoire de goûter les futures attractions"
380,08/01/2024,Neutre,Avec des jeunes enfants,3,Oui,Dommage d'avoir un pass et de devoir perdre 20 minutes à faire la queue pour entrer sur le parc et passer au même endroit que ceux ayant un ticket
382,08/01/2024,Opposant,Avec des jeunes enfants,2,Non,"Passer lors de Noël,je constate après être rentré que les photos(3 et avec un prix plus cher que la moyenne) acheter dans le parc(photographe)ont le cadre couper sur le milieu d'Astérix 😤 je pensais les offrir!je constate aussi qu'on vous pousse a la sortie et que a 20h il n'y a plus personne, ni lumière en cas de pépin (se qui a été notre cas avec mon petit de 7ans)pas même un bouton d'alerte par sécurité!je ne pense pas revenir même si non n'avons pas eu le temps pour tout faire dans le parc...plutôt déçu alors que j'en avais un bon souvenir il y a 15ans"
384,08/01/2024,Neutre,Avec des jeunes enfants,3,Non,"C'était notre première fois au Parc Astérix et bien que le Parc soit très chouette avec de nombreuses attractions adpatées aux plus petits, 2 choses nous ont dérangé : 
- L'amabilité des équipes : autant à l'hôtel, ils étaient adorables, autant sur le parc et dans les boutiques et restaurants, nous avons été déçus. Personnel maussade, qu'on a l'impression d'ennuyer avec nos questions. Quelle différence avec Disney où chaque employé est adorable. 
- La propreté : dans les toilettes, au restaurant, dans le parc... Dommage de laisser des gens fumer partout alors qu'il y a des coins fumeurs."
385,08/01/2024,Neutre,Avec des ados,3,Oui,"Je pense qu'il faudrait réguler davantage le nombre de visiteurs. En effet, 70 minutes d'attente avant de profiter d'une attraction me semble excessif compte tenu de l'amplitude horaire d'ouverture du parc..."
388,08/01/2024,Avocat,Avec des jeunes enfants,4,Oui,Super parc
389,08/01/2024,Avocat,Entre amis,5,Oui,Dommage que certaine attraction ferme avant l’heure prévu !!!
390,08/01/2024,Neutre,En couple,3,Non,"Nous sommes venus sur le parc le 2 janvier 2024, c'était le cadeau de Noël de mon mari. 
Nous avons été vraiment déçus par l'ambiance qui n'est vraiment pas immersive. Les bouées sont stockés à l'extérieur, manque malheureusement de décor autour du parc et manque cruellement d'éclairage.. J'ai fait une belle chute qui me laisse un gros hématome et une ponction ! Plusieurs années que nous n'y étions pas venus et malgré les attractions qui sont tout de même excellentes en sensations, nous n'y reviendrons pas..."
391,08/01/2024,Avocat,Avec des jeunes enfants,5,Oui,"Nous avons adoré! Et l'ambiance Noël avec les spectacles, la décoration et le parcours lumineux! Ouaaaou!!! Merci pour votre implication et le rêve fourni!"
393,08/01/2024,Avocat,Avec des ados,5,Oui,Accueil parfait et bienveillant !!!
395,08/01/2024,Avocat,Entre amis,5,Oui,"Nous avons passé une excellente journée 
Merci 
Vous avez fait un superbe travail pour avec les décoration de Noël"
398,08/01/2024,Avocat,Avec des jeunes enfants,4,Oui,Très beau parc. Le restaurant du Lac est excellent ainsi que le service
399,08/01/2024,Avocat,En couple,4,Oui,Carré dans l’axe
400,08/01/2024,Avocat,Avec des ados,4,Oui,Trop d’attente aux attractions et pour le déjeuner qui est de très mauvaise qualité
401,08/01/2024,Avocat,Avec des jeunes enfants,5,Oui,"Cela fait tellement plaisir de voir les sourires de son enfant à la sortie des attractions. 
Mercix"
405,08/01/2024,Avocat,Avec des jeunes enfants,4,Oui,"Tout est top, à l’exception des tarifs excessifs des boutiques, restaurants etc 
Enfin le gros moins, le nombre de jeunes qui ne respectent rien exemple les files d’attente"
406,08/01/2024,Avocat,Avec des ados,5,Oui,Tout est très bien par contre pour ceux qui ne font pas d’attraction (on accompagne nos petits enfants) il faudrait plus d’endroits pour s’asseoir à l’ombre
407,08/01/2024,Avocat,Avec des ados,4,Oui,"Parc sympathique, des sensations différentes dans chaque attraction"
408,08/01/2024,Avocat,Avec des jeunes enfants,4,Oui,"Super de changer l'ambiance en fonction des saisons, les décorations dans la file d'attente des bouées donnent une promenade réussie, les spectacles sont très esthétiques, côté sécurité et accueil : le parking mérite un coup de jeune ! c'est la première chose qu'on voit en arrivant. L'application n'est pas à jour pour les spectacles ils sont affichés alors qu'ils n'ont pas lieu : le 4 janvier pas de ""chantons Noël"" alors que ça apparaît bien sur l'appli et les vendeurs ne sont pas au courant donc ne peuvent pas informer correctement le public."
409,08/01/2024,Avocat,Avec des jeunes enfants,4,Oui,Parc agréable et familiale. Un peu trop d’attente dans les filles d’attente des attractions. Manque de manèges pour les enfants de 6 à 10 ans qui ne veulent pas faire des manèges à grosses sensations.
410,08/01/2024,Avocat,Entre amis,5,Oui,"Une superbe journée au parc Astérix, des sensations et des souvenirs gravés. C'est toujours un énorme plaisir d'y aller de plus, avec un personnel très gentil !!"
411,08/01/2024,Avocat,Avec des jeunes enfants,4,Oui,"Bonne ambiance, facile d’accès pour se garer, nous sommes allés déjeuner au restaurant du cirque bon accueil , beaucoup de choix et bon, les attractions fantastiques , mon petit fils a adoré."
412,08/01/2024,Neutre,En couple,3,Oui,"Très mal orienté a l'entrée du parc par le personnel du coup nous nous sommes vu refuser l'accès a l'attraction tootatis et avons dû retraverser le parce pour revenir a l'accueil afin de valider notre filotomatix payé 69€ chacun. Résultat une heure de perdue. 
Le personnel pas du tout enthousiaste et qui tire la tronche. Le language a base de wesh ect... 
Heureusement les attractions rattrapent le niveau vraiment super et des sensations fortes. 
Expérience donc mitigée du très bien et très mauvais. Dommage que le personnel gâche l'expérience du visiteur alors que nous avons payé très cher pour les filotomatix"
413,08/01/2024,Avocat,Avec des jeunes enfants,5,Oui,"On a passé notre réveillon du 1 er de l an au cirque très bon moment en tout nous avons passé un week-end de 2 nuit 3 jours très bon parc et hôtel, le quais de lutec au top🤗 attractions super!!!et parade et feu d artifice génial 👍 on va revenir avec plaisir ☺️☺️"
415,08/01/2024,Avocat,Avec des jeunes enfants,5,Oui,"We had an amazing day, loved the ice skating and bonfires around the park, it was a lovely touch. The Walsh family, Ireland 🇮🇪"
416,08/01/2024,Avocat,Avec des ados,4,Oui,"Nous avons passé un très bon moment en famille. 
Attractions à sensations, comme nous les aimons. Si vous n'êtes pas fan et/ou que vos enfants font moins de 120cm, je déconseillerai en revanche."
418,08/01/2024,Avocat,Avec des ados,4,Oui,"Parc très agréable. 
Seul bémol la restauration file d attente trop importante."
420,08/01/2024,Avocat,Avec des ados,5,Oui,"Superbe journée, avec des spectacle de Noël extra, on voudrait s qu’ils durent un peux plus. Les attractions rien a dire au top, et il n’y avait pas trop d’attente. Visite de fête de fin d’année à recommander"
424,08/01/2024,Avocat,Avec des ados,5,Oui,Nous avons passé un très agréable séjour!
425,08/01/2024,Avocat,Avec des jeunes enfants,4,Oui,"Séjour agréable les enfants ont bien aimé on reviendra plus tôt pendant l’été , jute la pluie nous a gâché une journée de notre visite, on a pas bien profité du coup."
427,08/01/2024,Avocat,Avec des jeunes enfants,4,Oui,Excellent séjour qui a ravi toute la famille
428,08/01/2024,Avocat,Avec des ados,5,Oui,"Excellente journée en famille 
Le parc illuminé est magnifique"
430,08/01/2024,Avocat,Avec des jeunes enfants,5,Oui,Toujours un plaisir de venir sur le parc quelque soit la saison.
431,08/01/2024,Avocat,Entre amis,5,Oui,Toutatis! Un parc exceptionnel.
432,08/01/2024,Avocat,Avec des ados,4,Oui,superbes attractions
433,08/01/2024,Avocat,Avec des jeunes enfants,4,Oui,"les 2 journées ont été très appréciées par tous. il y a une très belle ambiance à noël au sein du parc, bravo pour la décoration !"
434,08/01/2024,Avocat,Avec des ados,5,Oui,"Belle découverte ,je le conseille volontiers à mes amis"
435,08/01/2024,Opposant,Avec des ados,1,Non,"Toilettes pas propres mauvaises odeurs 
Personnel dans le attractions antipathiques 
 Beaucoup de déchets au sol 
 Pas d abris dans les files d attentes"
436,08/01/2024,Avocat,Avec des ados,4,Oui,Journée pluvieuse dommage qu’on est pas de lieux où s’abriter et boire un vin chaux tout est en extérieur au vent et à la pluie.parc à faire en été
437,08/01/2024,Avocat,Seul,5,Oui,"Un personnel aux petits soins et à l’écoute, des decorums grandioses, un spectacle de Noël INCROYABLE"
438,08/01/2024,Neutre,Avec des jeunes enfants,3,Oui,"Site clair, coloré et facile d’utilisation"
440,08/01/2024,Avocat,Entre amis,4,Oui,"Bonjour, nous avons passé une très bonne nuit à l'hôtel et une très bonne journée sur le parc. 
Le parc était superbe pour les fêtes malgré quelques zones qui manquaient un peu de déco à notre avis personnel ! 
Mais le vrai point négatif est le gros manque de lumière sur le trajet pour rejoindre les hôtels, dommage ! 
Ceci étant, un grand merci à tous l'ensemble du personnel pour leurs bonne humeur et gentillesse, donc je n'oublie pas de vous souhaiter à tous une très bonne année. 
Au plaisir de vous revoir dans la joie sur la saison 2024"
441,08/01/2024,Avocat,Avec des jeunes enfants,5,Oui,Noël gaulois génial ! La déco est magnifique.Tout le personnel est adorable. L’hôtel Les quais de lutèce est excellent ainsi que son restaurant ( beaucoup de choix et très bon). Beaucoup d’attente aux attractions.
442,08/01/2024,Avocat,Avec des jeunes enfants,5,Oui,"Site fluide et simple. Parfait :) les 20% de réduction pour mon anniversaire on servi de cadeau de Noël pour mon fils, 1 journée au parc avec le thème Noel et la parade de Noël que nous avons découvert avec des etoiles dans les yeux… personnel souriant et agréable !"
443,08/01/2024,Avocat,Avec des ados,5,Oui,"Bravo, une belle évolution du parc. 
 
Je viens depuis + de 15 ans et le parc a vraiment une nouvelle dynamique, avec un choix d'attractions super !!!! 
 
Bravo"
444,08/01/2024,Avocat,Avec des jeunes enfants,4,Oui,"Très bonne première fois au parc Astérix. 
La sortie sous la neige / mousse donne un brin de magie. Super spectacles. 
Le gros point noir de la journée selon moi c’est le professionnalisme du personnel : peu aimable et familier. Même si heureusement parmi eux il y avait une ou deux petites jeunes tout à fait sympathique"
445,08/01/2024,Avocat,Avec des ados,5,Oui,"Le bémol c’est les restaurants, trop d’accueil , plusieurs restaurants fermés. Impossible avec les enfants et le froid d’une moyenne de 30mint pour acheter un chocolat chaud, et hot dog que fini. Dommage pour un parc si connu et dans mon critère de choix de n France le meilleur."
446,08/01/2024,Avocat,Avec des ados,5,Oui,Petits ou grands ce parc est top
447,08/01/2024,Avocat,Avec des ados,5,Oui,"Super moment partagé en famille, hôtel et parc au top !"
449,08/01/2024,Avocat,Avec des jeunes enfants,5,Oui,Cette saison de Noël est une réussite ! Le parc est très joliment décoré. La petite parade est géniale et la musique vraiment très entraînante.
450,08/01/2024,Neutre,Avec des ados,3,Non,Propreté du parc et surtout des sanitaires intolérable pour un parc comme Astérix et ça des 11h30 alors que le parc ouvre a 11h00.
452,08/01/2024,Neutre,Avec des jeunes enfants,3,Oui,"Accueil a l'entrée tres confus , manque d'organisation. Certains attractions sont mal entretenu, ça laisse a désirer..."
453,08/01/2024,Avocat,Entre amis,5,Oui,Juste top on vibre à chaque visite
454,08/01/2024,Avocat,En couple,4,Oui,"Nous y sommes allés en janvier les décorations sont vraiment jolies. Si vous n'aimez pas les sensations fortes, des attractions pour la famille sont nombreuses et de qualité. Nous avons pris la pluie malheureusement et des lieux plus couverts seraient idéales."
455,08/01/2024,Avocat,Avec des jeunes enfants,5,Oui,"Grande variété d'attractions pour les petits et les grands. Spectacles qui émerveillement les petits. 
Mon fils de 4 ans est un fan absolu de Main Basse sur la Joconde"
456,08/01/2024,Opposant,Avec des ados,2,Non,"Il serait judicieux que le Parc Astérix signale TRES VISIBLEMENT qu'un bon nombre d'attractions sont fermées. Parce que prendre des billets pour un total de 204€ + 20€ de parking + 36€ d'autoroute + 50€ de gasoil et 8h de route aller/retour pour trouver des attractions fermées, y a rien de cool ! Surtout pour nos enfants..."
457,08/01/2024,Avocat,Avec des ados,4,Oui,"Bonjour, je me suis rendu au parc asterix c'est 2 et 3 janvier pour la période de Noël, hormis une mauvaise météo dont vous n'êtes absolument pas responsable, j'y ai passé un exelent séjour . Le seul petit bémol que j'ajouterai c'est peut être le manque d'éclairage à certains endroit pour voyager d'une attractions à l'autre. Mais sinon rien d'autre à dire ."
458,08/01/2024,Neutre,Avec des jeunes enfants,3,Non,Superbe parc. si nous prenons pas leurs restauration à l’hôtel…..
459,08/01/2024,Avocat,En couple,5,Oui,Tout était incroyable
460,08/01/2024,Avocat,Avec des jeunes enfants,5,Oui,"Très bonne journée au parc Asterix en famille. Tous les âges ont été comblés, énorme variété d attractions. Les aires de jeux pour enfant ont été aussi appréciées"
461,08/01/2024,Avocat,Entre amis,5,Oui,Un super séjour . Nous sommes partis en famille c’était vraiment top . 2 fois que nous y allons et toujours aussi content .
462,08/01/2024,Avocat,Avec des ados,4,Oui,Magnifique journée en famille où tout le monde s'est amusé !
463,08/01/2024,Neutre,Avec des jeunes enfants,5,Non,Le noël gaulois était vraiment très sympa
465,08/01/2024,Avocat,Avec des jeunes enfants,5,Oui,"Waw, on etaient tous impressionnés en famille par la qualité des spectacles, cirque et toute la decoration mise pour noel... C'est beaucoup plus qu'une journee en parc pour nous, c'est vraiment top"
466,08/01/2024,Avocat,Avec des jeunes enfants,5,Oui,Bonjour j’aime beaucoup se parc où j’ai commencé à venir dès mon très jeune enfance. Pour c’est bien plus qu’un parc. C’est un lieu symbolique avec des très bons souvenirs et d’autres souvenirs à venir
467,07/01/2024,Avocat,Avec des ados,4,Oui,Super parc d’attractions pour toute la famille
469,07/01/2024,Avocat,Avec des jeunes enfants,4,Oui,"Nous avons séjourné 2 jours au parc avec nos deux enfants à la Cité suspendue. 
Le séjour était très bien les enfants ont apprécié. 
Les infrastructures,les attractions,les spectacles et le personnel étaient à la hauteur. 
Parc d’attraction tres recommandé pour une virée en famille…"
471,07/01/2024,Avocat,Avec des jeunes enfants,5,Oui,Très bon moment. Très bon parc.
472,07/01/2024,Neutre,Avec des ados,3,Non,Parc sale et personnel des attractions non chaland pas du tout agréable
473,07/01/2024,Avocat,Avec des jeunes enfants,5,Oui,Jamais déçue par le parc Astérix !
474,07/01/2024,Avocat,Avec des jeunes enfants,5,Oui,"Superbe journée en famille. 
Une ambiance de Noël pleine de surprises. 
Le parc est de plus en plus adapté aux plus jeunes, tout en ayant une très grande quantité d’attractions à sensation pour les plus grands."
475,07/01/2024,Avocat,Entre amis,5,Oui,Ambiance magique au parc Astérix
477,07/01/2024,Avocat,Avec des ados,5,Oui,La saison hiver est notre préférée au Parc Astérix !!
479,07/01/2024,Avocat,Entre amis,5,Oui,"Toutatis et Oziris sont les meilleures atractions. Sensations garanties! 
Le Filitomatix est assez rentable, je recommande."
480,07/01/2024,Avocat,Avec des jeunes enfants,5,Oui,"Notre fils se retrouvant plâtré de la jambe pour notre séjour planifié depuis 3 mois, nous avons été très déçu des accès aux attractions! Des escaliers +++, ascenseurs en panne... Sans la gentillesse de quelques opérateurs notre séjour aurait été un calvaire!"
482,07/01/2024,Avocat,Avec des jeunes enfants,4,Oui,"Super journée et belle découverte de cette saison. Les décors sont magnifiques et dans tout le parc. Les jardins de Noël magnifiques de jour comme de nuit. Seul point négatif à été à tonnerre 2 zeus. Nous avons demandé à faire l'attraction à l'envers, les opératrices m'ont envoyé promener, parlé sèchement disant qu'on ne choisissais pas sa place on se mets là où on nous dit d'aller et que si pas content ils appellent la sécurité ! Je suis resté sur le c*l..."
484,07/01/2024,Avocat,Entre amis,5,Oui,Le parc Astérix on ne s’en lasse pas. Les attractions se renouvellent chaque année avec des nouveautés. Les ambiances d’Halloween et de noël étaient superbes.
486,07/01/2024,Avocat,Entre amis,5,Oui,"Il est vraiment incroyable ce nouveau roller caoster, y'a pas à dire !"
487,07/01/2024,Avocat,Entre amis,5,Oui,Toujours un plaisir de revenir au parc malgré qu'il y ai de + en + de monde mais ça permet au parc d'investir et de nous faire revivre des nouvelles émotions
488,07/01/2024,Avocat,Avec des jeunes enfants,5,Oui,C'est toujours un plaisir de pouvoir profiter du Parc différemment en hiver. La nouvelle attraction Toutatis met la barre très haute en terme de sensation !
489,07/01/2024,Avocat,Avec des jeunes enfants,4,Oui,"Très belle journée, dommage néanmoins que les attractions pour les tous petits ne soient pas mieux reparties , notamment à proximité des attractions des plus grands - ce qui nous a obligé à ""couper"" la famille ou à faire patienter les plus jeunes à des zones où ils ne pouvaient s'occuper avec des plus petits manège. 
Le dispositif coupe-file , cher, est essentiel pour réellement profiter de toutes les attractions. Joli défilé de Noël en fin d'après-midi."
490,07/01/2024,Avocat,Avec des jeunes enfants,5,Oui,"Un parc agréable pour toute la famille. A taille humaine, avec pleins de roller-coasters, des spectacles bien mis en scène, de l’humour potache un peu partout. L’accès en transports est facile mais un peu long. Bien choisir son jour et prendre l’application pour éviter de trop attendre aux attractions."
491,07/01/2024,Avocat,Avec des ados,5,Oui,"Les jardins merveilleux du père Noël portent bien leur nom, c'est superbe ! Les animations mises en place lors des évènements sont géniales (halloween, Noël...)."
492,07/01/2024,Avocat,Entre amis,5,Oui,Une tres belle journée en famille l'accueil etait bien on ses amusé
493,07/01/2024,Avocat,Avec des jeunes enfants,5,Oui,"Attractions parfaites pour petits et grands, parc très propre. C'est toujours une joie de venir régulièrement y passer une journée en famille."
494,07/01/2024,Avocat,Avec des jeunes enfants,5,Oui,Tout était parfait
495,07/01/2024,Avocat,Avec des ados,4,Oui,Nous (1 adulte + 1 ado) avons été très satisfaits pour notre première visite. Je recommande d'utiliser Filotomatix pour pouvoir faire toutes les attractions en une journée. Nous y reviendrons avec grand plaisir 😁
497,07/01/2024,Neutre,Avec des ados,3,Oui,"Le thème Noël pour lequel nous avons acheté les places était plus que décevant : marché de Noël annoncé et uniquement trois tavernes pas de boutique sur le thème de Noël c'etait pourtant jusqu'au 7 janvier, patinoire divisée en deux au lieu de l'accès total... café en rupture de stock dans beaucoup d'endroits, beaucoup de mini échoppes fermées. Le thème annoncé n'était clairement pas poussé à fond or les billets thème Noel vendaient du rêve... Sinon le parc en lui-même est toujours aussi sympathique, personnel accueillant, activités ouvertes malgré le mauvais temps donc chouette."
498,07/01/2024,Avocat,Avec des jeunes enfants,4,Oui,Dommage que le village d'Astérix ne soit pas éclairé la nuit venu. Les décorations de Noël sont Extra.
499,07/01/2024,Avocat,Avec des ados,4,Oui,Super manège les restaurants sont de qualités on a passé une superbe journée et les prix sont très correct
500,07/01/2024,Neutre,Avec des ados,3,Oui,Bonne ambiance. Jolie décoration. Dommage pour la longueur des files d'attente. 60 à 90 min toute la journée.
501,07/01/2024,Avocat,Avec des jeunes enfants,5,Oui,Très bon parc
503,07/01/2024,Avocat,Avec des ados,4,Oui,"Nous adorons venir au parc Astérix. Il y a des attractions pour tous les goûts et nous adorons l'univers d'Asterix dans lequel nous sommes tombés dedans étant petit. Continuer à proposer des nouveaux spectables et animations pour ceux qui ne sont pas fans des sensations fortes. Par contre, nous avons été déçu par les décorations de Noël moins importante que les années précédentes (où étaient les menhirs de Noël ?)"
504,07/01/2024,Avocat,Avec des jeunes enfants,4,Oui,"Un gros BÉMOL pour l'état des sanitaires, je suis venu jeudi et c’était une CATASTROPHE, j’en ai fait des différents en pensant que ça ne serait pas pire ailleurs mais honnêtement j’ai été très déçue, je sais que ce n’est pas de votre ressort mais essayez de faire quelque chose à ce niveau là s’il vous plaît c’est important"
505,07/01/2024,Avocat,Avec des ados,5,Oui,"Parc fantastique avec beaucoup d'attractions à sensations, sans avoir à courir 25 km dans la journée. Les coupes files sont très appréciables. L'ambiance y est chaleureuse, et on ne se marche pas les uns sur les autres, les déplacements y sont aisés. Le meilleur parc à sensations que je connaisse !"
506,07/01/2024,Avocat,Avec des jeunes enfants,5,Oui,"Nous avons pris l'abonnement PASS GAULOIS et sommes extrêmement satisfaits de chacunes de nos visites: le parc s'adapate aux saisons ( halloween, noel..) et c'est au top !"
507,07/01/2024,Avocat,Avec des jeunes enfants,5,Oui,"Durant notre séjour le soleil n'était pas au rendez-vous. Malgré tout, le séjour était formidable. L'ensemble de A à Z est très professionnel."
508,07/01/2024,Avocat,Avec des jeunes enfants,4,Oui,Très bons moments passés au parc on reviendra avec plaisir
509,07/01/2024,Avocat,Avec des jeunes enfants,5,Oui,"Les personnages étaient très accessibles. Parfait pour rendre heureux notre fils de 5 ans. 
Merci au personnage de Panoramix qui s’est arrêté après sa séance de photo officielle pour en prendre une avec notre fils. Nous reviendrons c’est sur!"
511,07/01/2024,Avocat,Avec des ados,5,Oui,Je recommande ce parc. Nous y avons passé 2 jours formidables..... sensations ++++++ et de très beaux spectacles.... et l hôtel les 3 hiboux..alors là ..digne d'un grand hôtel ainsi que la restauration... hâte d'y retourner
512,07/01/2024,Avocat,Avec des jeunes enfants,4,Oui,"Parc d'attraction familial qui plaît à tout le monde, au petits comme au grands! Niveau restauration il y en a pour toutes les bourses et tous les goûts, tout le monde s'y retrouve ! On adore ce parc ainsi que nos 4enfants!"
513,07/01/2024,Avocat,Avec des ados,5,Oui,"La parade est très jolie mais trop courte. 
On passe une très bonne journée avec un grand choix d'attractions. Les décors sont sympa, avec des notes d'humour propres à Asterix. L'hôtel les quais de Lutece est très beau mais le restaurant trop cher."
514,07/01/2024,Avocat,Avec des ados,5,Oui,Un bon moment en famille!
515,07/01/2024,Neutre,Avec des ados,3,Oui,"Après 20 ans sans être revenu , ce que je retiens de positif c’est la sensations des nouvelles attractions, pour le négatif le personnel est pas très souriant et chaleureux, nous avons acheté des paninis aux fromages dans le marché de Noël, le fromage n’avait même pas fondu et le pain était à peine chaud et pourtant les serveurs étaient très lent."
516,07/01/2024,Avocat,Avec des ados,5,Oui,"Très bonne journée, mention spéciale pour toutatis."
517,07/01/2024,Avocat,Avec des ados,5,Oui,"Très beau moment de partage en famille, rigolade et sensation forte dans toutes les attractions."
518,07/01/2024,Avocat,Avec des jeunes enfants,5,Oui,"Très bon moment passe en famille. Nous avons eu de la chance avec la météo, le temps d'attente n'était pas trop long et surtout, nous avons bien profité avec nos filles de 3 et 6 ans ! Tout le monde s'est vraiment amusé sur cette journée très sympa. Merci !"
519,07/01/2024,Avocat,Avec des ados,5,Oui,"Les attractions sont biens ,mes filles ont apprécié toutatis."
520,07/01/2024,Avocat,Avec des jeunes enfants,5,Oui,"Comme à chaque fois, un très agréable moment en famille."
521,07/01/2024,Avocat,Avec des ados,4,Oui,Très bon parc je suis fan
522,07/01/2024,Avocat,Avec des jeunes enfants,5,Oui,"Le seul Hic...la fréquentation du parc Asterix 
on a l mpression qu il y a beaucoup de malfrequentation sans éducation.. on vous passe devant. Pas très agréable de venir en famille. cela crée du stress"
523,07/01/2024,Avocat,Entre amis,5,Oui,Un excellent séjour au parc et à l’hôtel des 3 hiboux. Un personnel vraiment sympathique et disponible !
524,07/01/2024,Avocat,Avec des ados,5,Oui,"Le meilleur parc que j'ai fait. Les sensations sont très fortes, les décors agréables et le personnel est très courtois. Les gaufres sont excellentes. Le spectacle de Noël de trapéziste était magique. Trop de monde certains jours..."
525,07/01/2024,Avocat,En couple,4,Oui,Il y en a pour tous les goûts et tous les intrépides.
526,07/01/2024,Avocat,Avec des ados,5,Oui,"Ma nièce, ma fille et moi avons apprécié ce jour cela est à refaire."
527,07/01/2024,Opposant,Avec des jeunes enfants,2,Non,"Je me suis beaucoup ennuyée car à part des grosses attraction ou pour les petits il n y a pas grand chose intermittent 
Trop d attente plus d 1 h sur certaines attractions que nous n avons pas faite du coup avec des petits en bas âge 
L attraction des bouées 40 min d attente pour 2 min de descente beaucoup trop court cette attraction. 
Le petit train vers osiris beaucoup trop court juste un tour . 
A 11h lâcher des fauves aucune sécurité mon fils de 3 ans c est fait bousculer car les gens courraient aucune sécurité un jour il va y avoir un drame 
En bref nous ne reviendrons pas"
528,07/01/2024,Avocat,Avec des ados,5,Oui,"Journée très agréable en famille, peu d’attente dans les attractions c’était top !"
529,07/01/2024,Avocat,Avec des jeunes enfants,4,Oui,"Super parc quand tu es la ba tu penses plus à tes problèmes de tout les jours... 
Plus abordable que Disney et aussi chouette à faire"
530,07/01/2024,Avocat,Avec des ados,5,Oui,Superbe journée j'étais comme une enfant j'avais les yeux pleins d'étoiles merci à tout le personnels car le parc était bien lumineux
536,06/01/2024,Avocat,Seul,4,Oui,J'ai le pass saison depuis un an et je le reprendrai l'année prochaine sans doute. Le rapport qualité-prix est très bon.
537,06/01/2024,Avocat,Avec des jeunes enfants,4,Oui,Merci
538,06/01/2024,Avocat,Avec des jeunes enfants,5,Oui,"Amazing place to visit. Really easy to move around, the spectacles are incredible, personnel nice and helpful and space por eating enough and not completely overpriced. Access to the parc itself is also easy. I totally recommend the experience."
539,06/01/2024,Neutre,Avec des jeunes enfants,3,Non,Parc très sympathique avec beaucoup d’activités très diversifiées.
541,06/01/2024,Avocat,Avec des ados,4,Oui,Avoir des endroits aux chauds pour se réchauffer par ce temps hivernal.
543,06/01/2024,Avocat,Avec des ados,4,Oui,Trop d’attente pour les attractions
544,06/01/2024,Neutre,Entre amis,3,Oui,"Visite le 31 décembre, déçu après avoir fait 2 fois la queue d’environ 1heure pour toutatix , l’attraction tombe en panne. 
Une grosse déception car nous avons pas pu le faire, alors que c’est l’attraction que nous voulions absolument essayer. 
On devrait avoir un dédommagement pour ce genre de problème"
545,06/01/2024,Avocat,Entre amis,4,Oui,Très cool niveau sensation. Parcontre la nourriture est très cher et pas bonne
546,06/01/2024,Avocat,Avec des jeunes enfants,4,Oui,Excellent moment passé en famille. Attention en revanche si vous avez une personne à mobilité réduite dans votre groupe à anticiper car beaucoup de choses doivent encore être améliorées. Sinon super parc.
549,06/01/2024,Avocat,Avec des jeunes enfants,5,Oui,"Très agréablement surprise par le parc 
Nous reviendrons certainement quand mon petit fils aura une dizaine d’années"
550,06/01/2024,Avocat,Avec des ados,4,Oui,Une belle découverte et une belle ambiance autour de Noël. le spectacle sur glace est particulièrement réussi. La restauration est en revanche à revoir.
552,06/01/2024,Avocat,En couple,5,Oui,"Deux jours extraordinaires sur le parc avec des attractions des plus impressionnantes. Les restaurants rapides sur le parc sont de très bonnes qualité. Fans de parcs d'attractions, le parc Astérix est une destination incontournable pour les amoureux d'aventure et de nouvelles sensations. Dans sa globalité et au niveau du rapport qualité/ prix, le parc Astérix reste le meilleur parc d'attraction en France."
553,06/01/2024,Avocat,En couple,4,Oui,"Parc qui a bien changé en quelques années. 
Décorations sublimes surtout à Halloween et à Noël. 
A revoir : propreté des toilettes et surtout l’amabilité du personnel qui est le plus souvent très très juste ! Un bonjour ou un sourire fait du bien"
554,06/01/2024,Neutre,En couple,3,Oui,"Une bonne journée dans la sa globalité , déçue de ne pas avoir ses photos avec Astérix et Obelix , la photographe présente s’en as pas prise avec son appareil donc pas de souvenir de cette rencontre…."
555,06/01/2024,Opposant,Avec des jeunes enfants,2,Non,Parc vraiment bof bof
557,06/01/2024,Avocat,Avec des ados,5,Oui,Très bon moment
558,06/01/2024,Avocat,Avec des ados,5,Oui,Encore une belle journée passée au Parc Astérix. La métamorphose du Parc pour le Noël Gaulois est juste géniale et superbe. Bravo à l’équipe du Parc.
559,06/01/2024,Avocat,Avec des ados,4,Oui,"Très belle journée en famille 
Le jardin merveilleux de Noël était magnifique même les ados ont adoré 
Très beaux spectacles et la parade était top"
560,06/01/2024,Avocat,Entre amis,4,Oui,Nous avons partagé un excellent moment
561,06/01/2024,Avocat,Avec des jeunes enfants,5,Oui,"Vraiment parfait. 
Malgré la météo qui n était au rdv."
562,06/01/2024,Avocat,Avec des ados,4,Oui,Très bon parc d'attraction avec des sensations garantie. Je retournerai sans hésité avec grand plaisir
563,06/01/2024,Avocat,Avec des ados,4,Oui,"Excellente ambiance de Noël, jardins merveilleux de Noël magnifiques !! 
Habituée d'un autre parc, l'ambiance de Noël au parc Astérix est largement à la hauteur si ce n'est plus. 
""Le père Noël rêve de potion"", quelle trouvaille cette chanson, nous n'arrivons plus à nous l'enlever de la tête !!"
565,06/01/2024,Avocat,Avec des ados,5,Oui,un excellent séjour pour les 8 ans de mon fils x
568,06/01/2024,Avocat,Avec des jeunes enfants,4,Oui,Nous avons passé un agréable moment en famille pour le 31 décembre. Merci spectacle et feu d'artifice.
569,06/01/2024,Opposant,Entre amis,2,Oui,"Tres insatisfait de l'offre , des servies proposés avec le pass premium.. j'apprecie Toutatis et les nouveautés a venir..mais le parc est trop lent à se renouveler à bien des egards"
570,06/01/2024,Avocat,Avec des ados,4,Oui,"Très bon séjour. 
Toutatis est très surprenant. Nous avons adoré O ziris. Les spectacles sont de très bonnes qualités."
571,06/01/2024,Neutre,Avec des jeunes enfants,3,Oui,"Une attraction avec un écran cassé, une attestation qui tombe en panne et recommence sans aucune information du personnel, personnel qui a un langage familier, restaurant de mauvaise qualité à éviter afin de ne pas être malade, l'impression que pour les spectacles on a recruté les majorettes du coin et ex gogo danceuses."
572,06/01/2024,Neutre,Avec des jeunes enfants,3,Oui,"Nous avons passé une belle journée du 31 décembre, le « noël Gaulois » est très agréable. Néanmoins le parc est un peu vieillissant et l’entretien n’est pas toujours assuré, c’est dommage."
573,06/01/2024,Avocat,Entre amis,5,Oui,"Excellente journée au parc Astérix pour Noël ! 
Des décors féeriques, des spectacles de qualité, des attractions pour toute la famille, un parc qui respecte bien l’esprit de la BD avec une superbe exposition sur ses créateurs. 
Nous sommes fans. Parc Astériiiiiiiiiiix !!!!!!!"
574,06/01/2024,Opposant,Avec des jeunes enfants,2,Non,"Parc mal fréquenté où l’on vous passe devant dans les files d’attente en vous insultant si vous refusez de les laisser passer. 
Manque de personnel : plus de 35 min d’attente pour une crêpe car la fille était seule au stand à faire les crêpes, les barbes à papa et à encaisser un jour de vacances à 17h. Qualité de nourriture médiocre où l’on vous donne des hot dog même pas réchauffé car trop de monde d’après le personnel et faut aller vite. 
1 personne pour lancer le manège, vérifier la sécurité et gérer la file d’attente. Du coup attente interminable à chaque fois"
575,06/01/2024,Avocat,Avec des ados,5,Oui,"Très bon séjour, tout était parfait que ce soit au niveau de l’accueil, des manèges ou en boutique"
576,06/01/2024,Neutre,Avec des ados,3,Oui,Facilité d'accès et pratique
577,06/01/2024,Avocat,Avec des jeunes enfants,4,Oui,Super séjour. L’hôtel était somptueux et nous nous sommes régalés dans les diverses attractions du parc
578,06/01/2024,Neutre,Avec des ados,3,Oui,Bon moment en famille pour petit et grand cependant des améliorations au sein du parc à prévoir ainsi que l'amabilité du personnel.
580,06/01/2024,Neutre,Avec des ados,3,Oui,Manque d endroits abrités en cas de pluie.c est ce que nous avons vécu pendant 2 jours les 2 et 3 janvier.
581,06/01/2024,Avocat,Avec des ados,4,Oui,"Nous avons séjourné à l’hôtel au parc, et nous avons trouvé que les chambres étaient très spacieuses et très propre. 
Avec un très bon accueil."
583,06/01/2024,Avocat,Avec des jeunes enfants,4,Oui,Notre séjour a été très agréable. Dommage que certains manèges à sensations modérés étaient fermés et non signalés au moment de l'achat des entrées. Nous ne faisons pas parties de ceux qui aiment les grands manèges de folies 😁
584,06/01/2024,Avocat,Avec des ados,5,Oui,"Parc à échelle humaine, pas besoin de faire des kilomètres entre les attractions. Même les petits ont leurs attractions à sensations. Les tarifs restent abordables malgré le contexte économique."
585,06/01/2024,Neutre,Avec des ados,3,Oui,"Je vais commencer par le négatif, nous avons été assez déçue par les décors que nous avons trouvé un peu vieillot et où des fois pas assez de décoré tout simplement . Il manque un peu de magie, c est dommage… 
Les tunels sont vraiment trop sombre on ne profites pas du décor. Et à la nuit tomber on y voit plus que rien. 
 Sinon Le feu d’artifice est magnifique, les attractions sont top, beaucoup de sensations… ce qui reste l’essentiel."
586,06/01/2024,Avocat,Avec des ados,5,Oui,"Nous avons passé 2 jours et 2 nuits sur le parc et aux 3 hiboux, tout le monde au petits soins, de l’accueil au serveur resto comme les vigiles au contrôle…. Attractions au top et ambiance gauloise hivernale super!"
588,06/01/2024,Avocat,Avec des ados,4,Oui,tout etait parfait nous avons passé une bonne journée
589,06/01/2024,Avocat,Avec des jeunes enfants,4,Oui,"Parc magnifique pour les petits comme pour les grands, nous sommes immédiatement immergés dans l’univers de la BD. Il y’a des attractions et spectacles pour tout les goûts. A chaque fois que l’on vient en famille nous passons une très bonne journée."
591,06/01/2024,Avocat,En couple,5,Oui,"Le parc est toujours aussi accueillant et chaleureux, en ces temps de froid, tout est mis en œuvre pour s’y sentir au chaud. Les spectacles proposés sont diversifiés tout au long de l’année. Seul petit bémol que je trouve personnellement dommage, c’est les horaire d’ouverture et de fermeture. En période d’été vous pourrez profiter du parc plus longtemps, le matin comme le soir. Sinon toujours au top! 😁"
592,06/01/2024,Avocat,Avec des ados,5,Oui,"L ambiance de Noël au parc Astérix était magique . 
Je conseille vraiment d y aller à cet période entre les illuminations et le feu d artifice et les attractions le soir . 
Le village était sous le thème de Noël et c était ferrique . 
Très bonne journée"
595,06/01/2024,Avocat,Avec des ados,4,Oui,"Une belle journée en famille avec une parade de Noël et un beau spectacle de cirque. Toutefois, les personnes aux attractions sont pressantes et crient sur les guests pour entrer et sortir des manèges, ça m'a fortement dérangé. Dommage"
596,06/01/2024,Avocat,Avec des jeunes enfants,5,Oui,"Après 3 années de pass Disneyland et la grosse déception y a 1 an, nous avons pris le saison pass gaulois et y a pas photo. 
Les attractions, les files d'attente et le personnel du parc super sympathique (pas comme chez la souris). 
On se sent a la maison. 
Ne pas hésiter de faire une nuit aux hôtels et le banquet gaulois 
Seuls points négatifs, les fumeurs et vapoteurs hors des zones dédiées et les gens qui ne respectent pas les WC"
597,06/01/2024,Avocat,En couple,5,Oui,Nous avons passé une agréable journée au parc Astérix ! Nous y sommes allés le 31 décembre et nous avons été surpris du peu d’attente pour chaque attraction. Nous avons fini l’année en beauté 🥳 Nous avons adoré les spectacles qui étaient très beaux et qui ont animé petits et grands 😍 J’y retournerai sans hésiter !!
599,06/01/2024,Avocat,En couple,5,Oui,"Parc très agréable, manèges à sensations certains spectaculaires. Adrénaline...,spectacle, feu d'artifice . Nous étions logés dans l'hôtel la cité suspendue, belle chambre avec 3 enfants et bon buffet (surtout le petit déjeuner, le repas du soir pour la viande à revoir). 
Nous avons fait des photos avec asterix et obélix dans leur village. 
On y retournera, c'est sûr !"
600,06/01/2024,Avocat,Avec des jeunes enfants,5,Oui,Nou sommes ravis de notre expérience au sein du parc Astérix .
601,06/01/2024,Avocat,En couple,4,Oui,"Excellent parc , on ne se lasse jamais d'y aller . On reprend un pass cette année. 3eme.annee consécutive"
602,06/01/2024,Avocat,Avec des ados,5,Oui,J'adore venir au Parc Astérix pour les décors et les attractions
603,05/01/2024,Avocat,Avec des ados,5,Oui,Très bon moment passé en famille malgré la pluie.
605,05/01/2024,Avocat,Avec des ados,5,Oui,Encore une super journée passée au sein de votre parc.
607,05/01/2024,Avocat,Avec des ados,4,Oui,"Nous avons séjourné dans un hôtel du parc ...nous bénéficions , grâce à cela, d'une demie heure d'ouverture avant le grand public...et bien les 3 jours les attractions ont été ouvertes en même temps que le public"
608,05/01/2024,Neutre,Avec des ados,3,Non,"A éviter pour les gros. 
 
Boutique peu diversifiée : souvent la même chose. (Pas d'objet pour les chats/chiens) 
 
Mais, sensations fortes garanties. Attention à Toutatis qui vous fait littéralement décoller de votre siège !"
610,05/01/2024,Avocat,Avec des jeunes enfants,5,Oui,"Une ambiance toujours agréable sur le parc, qui met en valeur l’univers d’Asterix et le bien-être des visiteurs. Des attractions à sensations fortes de haut niveau, d’autres pour les enfants très sympa et des super boutiques."
612,05/01/2024,Avocat,Avec des ados,5,Oui,3 belles journées malgré la pluie. Les braséros étaient les bienvenus
613,05/01/2024,Avocat,Avec des ados,4,Oui,Très bon parc
614,05/01/2024,Avocat,Entre amis,5,Oui,"TOUTATIS GENIAL 
PARCOURS ILLUMUNE SUPERBE 
MERCI"
616,05/01/2024,Avocat,Avec des ados,5,Oui,"Hormis le temps pluvieux, la journée au parc c'est bien déroulé, peu d'attente au attractions et personnels accueillants. 
Seul bémol, c'est une seule sandwicherie ouverte, qui n'est pas indiquée sur les autres, se qui nous forcés à la chercher car nous avions pris des pass sandwichs et elle n'était pas écrite dessus, eonc impossible savoir si l'on pouvait si restaurer. 
Un employé nous à indiqué la possibilité de faire avec celle-ci,mais le personnel sur place n'était pas informé, il a fallu presque négocier. 
Manque d'hygiène dans les sanitaires, passage du personnel pour nettoyer pas assez fréquent."
618,05/01/2024,Avocat,Entre amis,4,Oui,Comme toujours beaucoup trop de temp d'attente pour accéder à une attraction .
619,05/01/2024,Avocat,Avec des ados,4,Oui,"c'est vraiment super comme expérience c'est quelque chose que l'on ne risque pas d'oublie d'aussi tôt, c'est dommage que les queues soient aussi longue c'est limite monstrueux sinon rien a redire."
620,05/01/2024,Avocat,Avec des ados,4,Oui,L'information des différents packs photos ne sont disponibles sur le site et pas assez visibles à certaines attractions.
622,05/01/2024,Avocat,Avec des jeunes enfants,4,Oui,"Belle expérience pour les enfants. Malgré une journée bien pluvieuse qui ne nous a pas permis de profiter de tout le parc. 
Point d'amélioration: la clareté des fléchages pour les attractions (trop nombreuses mais incomplètes). 
Super les braseros dans le parc! 
Spectacles de qualité! (cirque,...). A revoir au soleil!"
623,05/01/2024,Avocat,Avec des ados,4,Oui,Le logement à l hôtel 3 hiboux était top et le restaurant de très bonne qualité et très propre.
624,05/01/2024,Avocat,Entre amis,4,Oui,"1ere expérience un peu gâché à cause de la pluie mais sinon dans l'ensemble c'était cool, je retenterai cet été. 
Par contre si vous êtes grands comme moi (1m90), vous aurez beaucoup de mal à rentrer dans certaines attractions. Seul bémol."
625,05/01/2024,Avocat,Entre amis,5,Oui,L'utilisation des Filotomatix est très pratique.
626,05/01/2024,Avocat,Avec des ados,5,Oui,Parc ayant une offre de divertissement varié et qui permet de s'amuser quelque soit le temps et pour tout âge! Les propositions d'activités saisonnière sont merveilleuses tel le Noël gaulois par exemple! Le personnel est aimable et disponible !
627,05/01/2024,Neutre,Avec des jeunes enfants,3,Oui,"Le parc pour la saison de Noël est vraiment sympa niveau décoration, plein de sapins avec des lumières, des guirlandes, etc. 
 
En revanche niveau attraction, toujours plus de nouvelles à sensation forte (que j'aime beaucoup comme Toutatis), mais il faudrait aussi penser aux enfants et personnes âgées qui n'ont pas grand-chose à faire. Les seules attractions calmes (Epidemais et Elis) étant en totale dépravation ou vident au choix. 
 
Enfin le parc semble commencer à détruire la zone fête foraine et Route N7 ce qui est une bonne chose, mais il faudrait aussi détruire les rues de Paris et Moyen Age. Ces trois-là ne sont en rien thématisées Astérix mais plutôt fête foraine et elles sont en plus une vraie perte de place vu la pauvreté en attraction."
628,05/01/2024,Neutre,Avec des ados,3,Oui,"Parc très agréable avec des attractions à couper le souffle 
Toutatis, Osiris, Tonnerre de Zeus t etc etc 
nous avons passé 2 jours merveilleux en famille avec en plus un hôtel au top à tous niveaux (les trois Hiboux)"
629,05/01/2024,Neutre,Entre amis,3,Oui,"Bonjour 
Nous étions 12 chacun avec des pass illimités 
Hors il s'avère que deux personnes mesurant 1m90 et avec une carrure n ont pu faire aucune attractions à sensation 
Nous avons donc investi dans des places qui n'ont pas pu bénéficier à tous"
630,05/01/2024,Avocat,Avec des jeunes enfants,4,Oui,"Super séjour pour le nouvel an au parc ! 
A recommander en cette période où l’affluence est moins élevé."
632,05/01/2024,Avocat,Avec des jeunes enfants,5,Oui,Une très belle expérience. Parc avec des attractions pour tout les âges . Une immersion dans le monde d Astérix et obelix. Nous reviendrons très vite .
634,05/01/2024,Opposant,En couple,2,Non,"Malheureusement je n’ai pu faire que deux attractions, car il y avait trop de monde… j’ai payé 118€ pour deux places donc je suis extrêmement déçue… après la nouvelle attraction est bien mais une attente a en crever."
635,05/01/2024,Avocat,Avec des ados,4,Oui,Très bien
636,05/01/2024,Avocat,Avec des ados,4,Oui,"Le Parc Astérix est une expérience formidable à tous âges: la taille du parc, la diversité des attractions et spectacles, les services proposés, la restauration variée, et en prime une application mobile très efficace! Tout est fait fait pour passer un moment inoubliable quelle que soit la météo et la fréquentation !"
637,05/01/2024,Avocat,Avec des ados,4,Oui,"Très beau parc. 
 
 Tonnerre 2 zeus est une attraction super avec beaucoup de sensations surtout la grande descente."
638,05/01/2024,Avocat,Avec des ados,5,Oui,"Les attractions sont géniales cependant il manque des attractions d'intérieur car nous étions 2 jours sur le parc et le deuxième jour il a plu toute la journée sans arrêt, à l'hôtel même pas de distribution de ponchos... pourquoi un village médiéval? À la place un village romain aurait été top..."
639,05/01/2024,Avocat,Avec des jeunes enfants,4,Oui,"Beau parc avec les décors de Noël et illuminations qui sont magnifiques. 
Avec des attractions pour les petits comme pour les grands ;)"
640,05/01/2024,Avocat,Avec des ados,5,Oui,"Très bonne expérience au parc Astérix. L’hôtel la cité suspendue était très agréable. 
A recommander sans problème."
642,05/01/2024,Avocat,Entre amis,5,Oui,"Superbes attractions avec des sensations fortes !! Très beaux parc avec un magnifique décor de Noël. 
Point à améliorer : amabilité du personnel…"
643,05/01/2024,Avocat,Avec des ados,5,Oui,très bien
646,05/01/2024,Avocat,Avec des jeunes enfants,5,Oui,"Séjour 1 nuit avec 2 journées au parc! Nous étions 5, 2 adultes et 3 enfants de 5 à 12 ans, nous avons TOUT aimé! L'hôtel est très agréable, la qualité des repas au top!! 
Dans le parc, notre fille de 5 ans ne pouvant pas tout faire (moins de 1m10) nous avons pu quand même pu profiter pleinement de tout grâce au baby switch ainsi que des attractions adaptées proche des fortes sensations, ce qui a permis de se séparer peu de temps pour que tout le monde soit content! 
2ème journée pluvieuse... on a adoré car peu de monde et toutes les attractions ouvertes donc pas d'attente!"
647,05/01/2024,Avocat,Avec des jeunes enfants,5,Oui,"Super expérience en famille, nous reviendrons très vite !"
650,05/01/2024,Avocat,Avec des jeunes enfants,4,Oui,"Tres sympa malgré la pluie. 
Les décorations de Noel donne une ambiance festive. 
Toutatis est une super nouvelle atraction."
651,05/01/2024,Avocat,Avec des jeunes enfants,5,Oui,"Nous avons passé une journée au parc sous une pluie qui a duré jusqu'au soir. Mais cela n'a rien enlevé au plaisir qu'on a pu avoir! Des cabines de séchages ont été nos meilleures amies et nous ont permis de repartir de bon coeur. (malgré un prix un peu élevé - 3€). 
Des braseros ont été mis en place à plusieurs endroits du parc pour se réchauffer. 
Ambiance géniale entre visiteurs malgré le temps , tous dans la même galère et très peu nombreux du coup!"
652,05/01/2024,Avocat,Avec des jeunes enfants,4,Oui,"Journée magique partagée en famille avec mes deux enfants de 7 et 5 ans . La magie de Noël était bien présente, l’application nous a permis de faire les attractions en fonction du temps d’attente . 
Petit bémol , les poubelles qui débordent dès 11h45 du matin et le manque d’explications avant de commencer l’attraction surtout le défi de César ; on rentre dans une pièce sans savoir l’histoire à laquelle on va assister . Dommage."
653,05/01/2024,Avocat,Entre amis,4,Oui,Très bon séjour au quai de lutèce qui pars son charme plonge directement dans l ambiance gauloise ! Le parc est vraiment sympa est accessible sans chichi. Petit bémol sur les tarifs appliqués même pour un simple repas.
654,05/01/2024,Avocat,Avec des ados,5,Oui,"En ayant un pass saison, c'est intéressant de connaître le parc de nouveaux de jours en jours ,merci le parc asterix, à très bientôt en avril."
655,05/01/2024,Avocat,Avec des ados,4,Oui,"nous avons juste été déçu par l'accueil et le manque de tact / d'organisation au niveau de certaines attractions : on a senti de la ""panique"" par les jeunes gens qui nous accueillaient 
il aurait juste fallu qu'ils s'expriment plus concrètement : c'est a dire ""à gauche / a droite, 1ère voiture"" ... plutot que ""la"" sans rien de plus et surtout sans nous crier dessus 
 on comprends qu'il y a de l'attente mais arrivé et se faire crier dessus pour qu'on s'installe en 2 seconde ce n'est pas agréable"
656,05/01/2024,Avocat,Avec des jeunes enfants,4,Oui,Venue pour le Noël gaulois . Très enchanté. Parade bien . Enfant ravi et émerveillé.
657,05/01/2024,Avocat,Entre amis,5,Oui,"pour les gens qui aiment les sensations fortes c'est le meilleur parc de France, mes filles et moi adorons aller à Astérix"
658,05/01/2024,Neutre,Avec des jeunes enfants,3,Oui,"Nous avons offert notre séjour au parc asterix à notre fille (10 ans) pour Noël. Hors, il y avait tellement de monde que nous n'avons pu faire que 4 attractions sur la journée. De nombreuses attractions fermées alors que nous étions dans la file d'attente depuis plus d'une heure déjà. 
En début de journée il n y en avait déjà plus de pass disponibles. Nous avons franchement été déçu de notre passage et surtout pour nos enfants qui se faisaient une joie de venir. 
Concernant la restauration nous avions les tickets avec l'hôtel, nous avons du attendre 15h pour manger car impossible d'approcher avant, même notre bébé de 16 mois n'a pu etre au chaud pour manger qu'à ce moment là. Les WC pour changer bébé étaient dans un état médiocre. 
Nous avons été déçu, c'était le 30 décembre 2023"
659,05/01/2024,Avocat,Avec des jeunes enfants,5,Oui,"Magique 
Hôtel parfait pour être dans l’ambiance et 
Qualitatif 
Les attractions sont également parfaites pour les enfants des 5/6 ans"
661,05/01/2024,Avocat,Avec des ados,5,Oui,"Parc joliment décoré pour Noël. Nous avons adoré le jardin du père Noël , la parade ainsi que le feux d artifice"
662,05/01/2024,Avocat,En couple,5,Oui,"Excellente restauration, parc très agréable et journée merveilleuse"
663,05/01/2024,Avocat,Avec des ados,4,Oui,Très bon séjour au parc Astérix ! Dommage que les personnages ne soient plus présents sur le parc comme avant. Je me rappelle en 2020 Asterix et Obélix venaient nous voir au relais gaulois quand on mangeait. Fini cette époque c'est bien dommage !!
664,05/01/2024,Neutre,En couple,3,Oui,"Au point pass , la dame ma dit que je faisais semblant d’être handicapé et que je trouvais des excuses pour ne pas faire les files d’attente. 
J’ai été vraiment vexer , j’ai mis 1h30 à me calmer . 
Là discrimination j’en ai marre , ça ne m’amuse pas d’être handicapé…"
666,05/01/2024,Avocat,Avec des jeunes enfants,5,Oui,Parc au top. Nous reviendrons très vite
667,05/01/2024,Neutre,Entre amis,3,Non,"Beaucoup de manèges à grande sensation et des manèges pour les touts petits mais pas d entre deux… c est dommage. Nous n avons vu aucun personnage durant la journée mais également dans l hôtel… 
L hôtel quand à lui était très bien et le restaurant de l hôtel aussi."
668,05/01/2024,Neutre,Avec des ados,3,Oui,Très bonne journée malgré une très mauvaise météo. Mais cela personne n'y peut rien.
669,05/01/2024,Avocat,Avec des jeunes enfants,5,Oui,"Un parc à taille humaine, mais où tous peuvent trouver des attractions sympathiques. Il y en a pour tous les goûts et une mention spéciale pour l'humour qui se dégage et qui rappelle l'univers de nos Gaulois préférés"
670,05/01/2024,Avocat,Avec des jeunes enfants,4,Oui,Très belle journée dommage pour la météo mais le parc super vivement de nouveau spectacle et attraction
671,05/01/2024,Avocat,Avec des ados,4,Oui,"parc familial avec des attractions pour tous les âges , du grand frisson à la plus douce des ballades."
672,05/01/2024,Opposant,Avec des ados,2,Non,"Des attentes interminables dans le froid sont de nature à faire fuir ce parc, jusqu'à 90 minutes d'attente avec du personnel agressif et non motivé, je ne reviendrai pas c'est sur par Belenos"
673,05/01/2024,Avocat,Avec des jeunes enfants,4,Oui,Belle journée mouvementée nous y retournerons avec plaisir
674,05/01/2024,Avocat,Avec des jeunes enfants,5,Oui,"2 jours au parc pour profiter entièrement des manèges, spectacles, décorations de Noël ! Rencontres avec les personnages, de superbes moments en famille."
675,05/01/2024,Avocat,Avec des jeunes enfants,5,Oui,Très belle journée au parc malgré un temps maussade. Nous avons pu faire plein d'attractions en l'absence de queue. Gentillesse du personnel apprécié. Choix de restauration limité hors saison.
676,05/01/2024,Avocat,Avec des ados,4,Oui,Attractions et décorations sympathiques mais parc mal fréquente...beaucoup de jeunes qui doublent dans les files d'attente et qui sont agressifs quand on fait une remarque.
677,05/01/2024,Avocat,Avec des jeunes enfants,5,Oui,Très bon séjour à refaire au beau jour
678,05/01/2024,Avocat,Avec des ados,4,Oui,Trop d'attente pour les grosses attractions.
680,05/01/2024,Neutre,Avec des ados,3,Non,"Du monde comme je n’en avais pas jamais vu, impossible d’acheter un pass , l’application saturée, les billets coupe file que j’ai du acheter sinon nous serions encore en train d’attendre ! Bref, c’était moins cher et plus attrayant Astérix que Disney mais au final qui reste moins abordable ! Mauvais choix de fin d’année que je ne referai plus jamais !"
681,05/01/2024,Avocat,Avec des ados,4,Oui,Parfait
682,05/01/2024,Neutre,Avec des ados,3,Oui,"Beaucoup beaucoup beaucoup trop d'attente sur les attractions. Nous passons plus de temps à attendre qu'à profiter réellement ! 
Mes enfants ne souhaitent plus y retourner car ils trouvent trop long les temps d'attente. 
Dommage."
686,04/01/2024,Opposant,En couple,2,Non,"Certaines attractions avec éléments de décor manquant ou dégradé, ce qui gâche l’aspect immersif. Application personnes en situation d’handicap est une catastrophe, bug, data n’apparaît pas après l’écoulement du temps, si le client ne possède pas de téléphone l’accès à l’attraction est refusée alors qu’il possède le bracelet PSH. Stand Peluche géante à ciel ouvert par temps de pluie, peluches détrempées, celles-ci ne sont pas en lien avec le thème du parc. Un seul spectacle laisse apparaitre des personnages de la BD, l’œuvre de Goscinny et Uderzo permet sans nul doute de trouver des situations afin de créer des spectacles. Attractions à sensations nombreuses et de très bonne qualité. Restaurant Caius de très bonne qualité. Hôtel et le degré des attractions relèvent le niveau du séjour."
687,04/01/2024,Avocat,Avec des jeunes enfants,5,Oui,"La saison de noel au parc est magnifique et vaut vraiment le détour, le parc est decoré de partout les spectacles sont inédits et interprétés par des artistes, acrobates, danseurs… de talents"
688,04/01/2024,Avocat,Seul,5,Oui,Le feu d'artifice de la fin de journée durant Noël gaulois m'a mis les larmes aux yeux
689,04/01/2024,Avocat,Avec des jeunes enfants,5,Oui,Très bon moment
690,04/01/2024,Avocat,Avec des jeunes enfants,4,Oui,Excellente journée dans l'ensemble. Du monde mais ça s'est plutôt bien réparti.
691,04/01/2024,Avocat,Avec des jeunes enfants,5,Oui,"Moment très agréable en famille . 
Attraction ai top pour tout les âges et top pour partager un moment avec ses enfants dans les même attraction ."
692,04/01/2024,Avocat,Avec des ados,5,Oui,Super moment à partager en famille.
693,04/01/2024,Avocat,Avec des ados,4,Oui,Ls spectacles de cette fin d'année nous ont semblé de bien meilleure qualité que lors de nos autres visites. Ils nous ont beaucoup plu.
694,04/01/2024,Avocat,Avec des ados,4,Oui,Abonné depuis deux ans je n'est jamais été déçu si ce n'est ce jeudi 28 décembre 2023 ou en l'espace d'une journée nous n'avons pu effectuer seulement 5 attractions. Les flux de visiteurs ont été super mal géré avec des queues de plus de deux heures. De plus certains visiteur mal attentionnés faisait régner leurs lois en dépassant dans les files d'attente alors que les membres du personnel les ont une première fois interpellé puis les ont laisser vu qu'ils etaient impuissant. Malheuresement très déçu.
695,04/01/2024,Avocat,Avec des ados,4,Oui,Nous avons passé une très belle journée en famille et la nouvelle attraction « Toutatis » est juste incroyable. Nous étions en pass illimité qui est très abordable comparé à d’autres parcs et avons pu profiter aux maximum de nos attractions favorites.
696,04/01/2024,Avocat,Avec des ados,5,Oui,"Très bonne journée en famille. Après délibération avec les enfants( 13, 11, 7 ans), le meilleur parc d'attraction pour les sensations fortes parmi les 4 plus proches en Île de France."
698,04/01/2024,Avocat,Avec des ados,5,Oui,Très bon séjour en famille!
699,04/01/2024,Neutre,En couple,3,Oui,"Il serait bien que l annonce pour la parade couvre toutes les zones du parc afin de ne pas la manquer lorsqu on vient pour la 1ère fois et que l on ne connaît pas le fonctionnement 
Dommage on l a manqué"
700,04/01/2024,Avocat,Avec des ados,4,Oui,"Bonne journée au parc de l attente aux attractions mais quels sensations 
Dommage nous avons à 3 reprises des problèmes techniques"
701,04/01/2024,Neutre,Avec des jeunes enfants,3,Non,"L'entrée au parc ommence avec:""on passe les portiques de sécurité et on se dépêche"". Cela annonce la couleur. Dans les attractions également le même refrain:"" on s'installe rapidement et ""on sort rapidement"". Pour des journée qui doivent être de la détente, on se retrouve à devoir se presser partout et cela des l'entrée."
702,04/01/2024,Avocat,Avec des ados,4,Oui,"Il faut améliorer dans certaines petites guitoune l amabilité du personnel on vient pour un cafe ou autre c est pas de sourire pas d amabilité dommage car le reste du personnel est top ... 
Belle continuation a vous"
703,04/01/2024,Avocat,En couple,4,Oui,"Nous sommes allés au parc Astérix lors des fêtes de Noel, l'ambiance était très bien. Comme d'habitude le pass filotomatix est un luxe à conseiller."
704,04/01/2024,Opposant,Entre amis,2,Non,Bonjour je suis une personne handicapée je suis tombé en descendant d une attraction l employé qui etait la ne m'a même pas aidé il ma juste regardé me redresser avec du mal
706,04/01/2024,Avocat,Avec des ados,4,Oui,Très bon parc .
707,04/01/2024,Avocat,Avec des jeunes enfants,4,Oui,Un seul gros problème à mon la médiocrité de la signalisation pour les pouvoirs et accès aux attractions
708,04/01/2024,Avocat,Avec des ados,4,Oui,Super parc
709,04/01/2024,Avocat,Entre amis,5,Oui,Excellent parc que ce soit pour les enfants ou les adultes plein de sensations forte
710,04/01/2024,Avocat,Entre amis,4,Oui,Temps d’attente longue même pour un jours avec une prévision de fréquentation faible. Il est impossible pour moi de venir avec plus de monde que ce jour là !
711,04/01/2024,Avocat,Avec des jeunes enfants,5,Oui,Nous avons adoré notre séjour avec notre fils de 2 ans à refaire
712,04/01/2024,Avocat,Avec des jeunes enfants,5,Oui,"Très beau parc avec de très bons manèges à sensations. 
Superbe ambiance et décoration de Noël 
Je recommande sans hésitation"
713,04/01/2024,Avocat,En couple,5,Oui,"Bonjour 
Carrément c la meilleure journée qui je suis passée avec ma famille ,je vous remercie de votre ambiance"
714,04/01/2024,Neutre,Avec des jeunes enfants,3,Oui,"Avec travaux ,passages non indiqués pour contourner"
715,04/01/2024,Avocat,Avec des jeunes enfants,4,Oui,"Très bonne journée pour cette édition de Noël. Moin de monde qu'en temps normal est c'est agréable de pouvoir circuler librement et de faire les attractions sans des queues immense. Le restaurant du cirque est vraiment sympa et de qualité, malgré le prix un peu exagéré. Les spectacles sont vraiment de qualité, bravo au comédien et cascadeurs."
716,04/01/2024,Avocat,Avec des ados,5,Oui,Agréable et destressant
717,04/01/2024,Avocat,Avec des ados,5,Oui,"Magnifique hôtel les Quais de Lutèce - restaurant pour le 31 super avec un personnel adorable et une qualité de nourriture ++ 
Ambiance du parc pour Noel magique ++++"
718,04/01/2024,Neutre,En couple,3,Oui,"Parque très propre, ambiance familiale."
719,04/01/2024,Avocat,Avec des ados,4,Oui,Top. Très bonne journée.
721,04/01/2024,Neutre,Avec des ados,3,Oui,N'allez pas au AU DOLMEN GOURMAND!!! service et lenteur
722,04/01/2024,Neutre,Avec des jeunes enfants,3,Oui,"De nombreuses attractions proposées mais dommage que les enfants paient le même tarif pour l'entrée : les attractions proposées sont beaucoup moins évoluées que les autres. 
Vouloir ouvrir juste pour les fêtes ; ok ; mais personnel au niveau de la restauration bidon ! Quelle lenteur !!!! Nous étions une grande famille et nous nous sommes dispersés dans différents snacks, des queues de 20 personnes devant nous pour 1h d'attente et plus !!!! Pour un mauvais hot-dog, le personnel n'est pas impliqué, pas dynamique et pas vif !!!! Dommage"
723,04/01/2024,Avocat,Avec des ados,5,Oui,"Même si je n'ai pas pu profiter des attractions à sensations fortes à cause de problèmes cardiaques j'ai trouvé de quoi m'amuser, m'émerveiller et ressentir des émotions dans une ambiance familiale."
724,04/01/2024,Neutre,Avec des ados,3,Non,"Bon séjour dans l'ensemble. 
Beaucoup de monde malgré un séjour du 26 au 27 décembre. 
Petit bémol sur l'hôtel avec poussières non faites sous le petit bureau et problème de démagnétisation de la carte de la chambre."
725,04/01/2024,Neutre,Avec des ados,3,Oui,"Je suis juste un peu déçu car il y avait un monde fou et impossible d’accéder aux attractions en moins d’une heure et demi…. Et le midi au relais nous avons très mal mangé, car plus de produit et les seul disponible n’était pas cuit voir cru et froid, car cuit congelé une attente énorme pour avoir des plats immangeables !"
727,04/01/2024,Avocat,Avec des ados,4,Oui,"Très bonne expérience, la saison de noël est toujours magnifique. 
En revanche l'attraction Croisière epidemais n'est plus que l'ombre d'elle même, décors sales et abimés, personnage animés hors service, éclairages HS dans la grotte et la projection de la cascade non fonctionnelle depuis un an et demi. La gestion des passeport annuel à l'entrée est tout bonnement catastrophique et nous avons du attendre 15 minutes car les cabanes étaient fermées et les opérateurs débordés. A quand une file dédiée au passeports premium ?"
728,04/01/2024,Avocat,Avec des ados,5,Oui,Journée au top!
731,04/01/2024,Opposant,En couple,1,Non,"J'ai été très déçue du parc Astérix. C'est un parc bondé où il faut faire une queue interminable, de la plus petite attraction aux stands qui vends les beignets....Du vomi de la veille pas ramassé dans les fils d'attentes et des toilettes qui débordent , un personnel qui traitent les visiteurs comme du bétail "" aller on s'assoie vite !"" "" Sortez !"" "" levez vous ! "" sans aucune once d'amabilité qui casse le peu de magie que l'on trouve sur le parc si on essaye de chercher un peu car elle ne saute pas aux yeux. Les personnages sont absents :en deux jours sur le parc je n'en n'ai jamais vu ! Les espaces du parcs sont mal entretenus, le parc manque cruellement de luminosité si bien qu'on s'éclaire au téléphone. Le merchandising fait plus fête foraine qu'Asterix ( bananes géantes ???)"
732,04/01/2024,Avocat,Avec des jeunes enfants,4,Oui,Vous vous améliorez c'est bien!
735,04/01/2024,Avocat,Entre amis,4,Oui,"Parc qui mérite son titre de meilleur parc de France et de loin, qui continue à se développer en bien vu les projets d'attractions qui sont déjà géniales, des spectacles très travaillés, les opérations en gare sont rapides malgré le monde parfois."
737,04/01/2024,Avocat,Avec des jeunes enfants,5,Oui,"Soirée du 31 exceptionnelle : au-delà de nos attentes ! Hôtel Les Quais de Lutèce exceptionnel (confort, propreté, insonorisation, accueil du personnel au top !) Bar de l'hôtel et animations pour les enfants du 31 : excellent ! Parc d'attractions super et déco de Noël féérique. Nous avons passé un excellent séjour et nous remercions le personnel du parc pour leur accueil chaleureux. Nous recommandons et reviendrons très certainement avec plaisir bien que nous soyons peu adeptes des parcs d'attractions en général. Merci Astérix !"
739,04/01/2024,Avocat,Avec des jeunes enfants,5,Oui,"Les spectacles sont top pour les petits comme pour les grands, avec des artistes de très haute qualité. 
On en redemande à la sortie de chaque attraction et il y en a pour tous les goûts. 
Nous avons passé une super journée!"
741,04/01/2024,Avocat,Avec des ados,4,Oui,"l'attente pour une attraction est d'environ 1 heure, et certains files d'attente sont plus amusantes que d'autres. la restauration est très chère et de mauvaise qualité"
742,04/01/2024,Avocat,Avec des jeunes enfants,5,Oui,Parfait spectacle animation et jardin de noel
743,04/01/2024,Neutre,Avec des jeunes enfants,3,Oui,"Les attractions sont à la hauteur de nos attentes. Cliente depuis l ouverture du parc …je constate le changement dans les attractions .Toutatis est monumental . En revanche la fréquentation du parc se dégrade…. Le parc Astérix devient « wesh land » dommage … vraiment dommage … surtout quand on y vient avec ses enfants en bas âge… étant une adepte des parcs et notamment Disney, je constate que le prix du billet y fait beaucoup… 
Point positif cependant, le parc s embelli de par ses nouveautés .c est top"
744,04/01/2024,Avocat,Entre amis,5,Oui,"Bonne journée, incroyable on reviendra ça c’est sûr"
746,04/01/2024,Avocat,Avec des ados,4,Oui,"L'ambiance de Noël était bien présente,les attractions au top,j'ai beaucoup apprécié les braseros dans le parc ,un bon moyen de se réchauffer quand il fait froid. 
L'attente pour faire les attractions étaient correcte entre 30 et 40 minutes,voir pas d'attente du tout. 
C'était une super journée,nous y retournerons pour Noël prochain."
747,04/01/2024,Avocat,Avec des jeunes enfants,4,Oui,"Parc agréable, un peu difficile de se retrouver en poussette ( il n'y a que les grands manèges d'indiquer) et ça passe par des escaliers. Très bon séjour, les enfants étaient ravis et ont pu voir les personnages facilement"
748,04/01/2024,Avocat,Avec des jeunes enfants,4,Oui,"Nous étiez à l hôtel les jardins suspendus. Le personnel fait un super travail , les chambres sont nickels, bravo vu le nombre de passage. 
Séjour avec mon fils de 7 ans, nous nous sommes régalez, il se souviendra longtemps de l énorme déjeuner et du terrifiant Tonnere de Zeus :)"
750,04/01/2024,Avocat,Avec des jeunes enfants,5,Oui,Magnifique décorations de Noël et présence des personnages sur le parc
751,04/01/2024,Avocat,Avec des jeunes enfants,4,Oui,"Beau parc, attractions sympas. 
Le filotomatix un peu cher car prix par personne. 
On a passer un bon moment, personnel super :)"
752,04/01/2024,Neutre,Avec des ados,3,Oui,Bonjour Parc zut top mais malheureusement beaucoup trop de monde nous avons réalisé 3 attractions dans la journée du coup un peu déçu .
756,04/01/2024,Avocat,Avec des ados,4,Oui,"bien, à refaire"
757,04/01/2024,Avocat,Avec des jeunes enfants,4,Oui,toujours aussi beau simple efficace
758,04/01/2024,Avocat,Avec des jeunes enfants,5,Oui,Très bien
759,04/01/2024,Avocat,Entre amis,5,Oui,"Séjour parfait, que ce soit l'hôtel ou le parc en lui même"
760,04/01/2024,Avocat,Avec des ados,5,Oui,La parc s améliore d années en années . Le Noël Gaulois devient un événement incontournable. On voit que le parc fait de nombreux efforts pour rendre la période de Noël plus belle d années en années contrairement à son voisin de marne la vallée qui ne fait aucun effort et reste sur ces acquis avec une saison de Noël médiocre . Le revers de la médaille est que le parc est victime de son succès avec des temps d attentes interminables sur les grosses attractions. L’année des 35 ans du parc promet d’être une année grandiose !!!
761,04/01/2024,Avocat,Avec des ados,5,Oui,"Nous avons passé un séjour très agréable. Mes 3 enfants ont adoré 🥰 nous plus grand aussi .Tout était parfait… 
Nous avons déjà envie de revenir vous voir 🥰😍"
763,04/01/2024,Avocat,Avec des ados,5,Oui,"Séjour au top, manèges à sensations top et l'hôtel la cite suspendue wouaahhh !!! Les chambres duplex sont géniales"
765,04/01/2024,Avocat,Avec des jeunes enfants,5,Oui,"c etait parfait! on a tout adoré, le parc, les attractions, le peu d attente. la sécurité."
766,04/01/2024,Avocat,Avec des ados,4,Oui,Indication du temps d'attente manquante à l'entrée des attractions. Tout le monde n'utilise pas l'application.
767,04/01/2024,Avocat,Entre amis,5,Oui,"La période de Noël est vraiment à part. Le parc est très bien décoré, les spectacles sont de qualité. Mention spéciale pour le jardin illuminé c’est vraiment magnifique."
768,04/01/2024,Avocat,Avec des jeunes enfants,5,Oui,"Je suis retournée ce week-end avec ma famille au parc Astérix, après 20 ans d’absence, et quelle belle surprise! C’était pour nous tous la première fois que nous venions découvrir le noël gaulois et nous avons passé un super moment :)"
770,04/01/2024,Avocat,Avec des jeunes enfants,5,Oui,"Un ENCHANTEMENT 
Un ÉMERVEILLEMENT 
Je signale que c est en tte objectivité car ne suis pas fan de ce genre de lieu … 
La MAGIE de Noël qui opère avec le JARDIN DE NOËL est FABULEUSE …."
771,04/01/2024,Avocat,En couple,5,Oui,"Visite le 29/12/24 : spectacle sur glace top , « les jardins merveilleux »magnifique de nuit🤩 , « le repaire des lutins »🍀 excellent avec une bonne animation et pour finir un très beau feu d’artifice. 🎇"
772,04/01/2024,Avocat,Avec des ados,5,Oui,J’ai trouver mon séjour magique avec mes loulous et enfants
773,04/01/2024,Avocat,Avec des jeunes enfants,4,Oui,"On adore, juste a l entree dommage qu avec les pass on soit limite a une caisse, ca prend beaucoup de temps parfois"
774,04/01/2024,Neutre,Avec des ados,3,Non,"Le personnel n'est pas très souriant. Dire ""bonjour"" est un minimum"
775,04/01/2024,Avocat,Entre amis,5,Oui,"super experience, j'ai prit le billet d'entrée + un coupe fil et super journée que j'ai passée avec mon frère. A refaire"
776,04/01/2024,Avocat,Entre amis,5,Oui,Le parc s’est tellement amélioré ces derniers temps que j’ai pris mon pass saison 2024.
777,04/01/2024,Avocat,Avec des jeunes enfants,5,Oui,"Parc très sympa 
Beaucoup d’attractions pour les enfants de moins de 10 ans 
Des coupe files à un prix raisonnable comparés à Disney 
Hôtel de qualité et nourriture à l’hôtel de très bonne qualité"
778,04/01/2024,Avocat,Avec des jeunes enfants,5,Oui,Une magnifique journée dans une ambiance de Noël très réussie !
779,04/01/2024,Avocat,Avec des jeunes enfants,5,Oui,"Comme d’habitude une excellente journée. 
Le parc Astérix a encore beaucoup de potentiel 
À la saison prochaine"
780,04/01/2024,Avocat,En couple,5,Oui,masterclass akhy
781,04/01/2024,Avocat,En couple,5,Oui,Parc propre et entretenue. Nous y somme allés pour les fêtes du nouvel an et sans regret les animations était au rendez-vous et le repas a l’hôtel de qualité.
782,04/01/2024,Avocat,Seul,5,Oui,Excellente journée dans le froid !!! Merci pour les points chaud autour des bûches.
783,04/01/2024,Avocat,Avec des ados,4,Oui,"Superbe expérience. Illuminations féeriques. Spectacle sur glace magique. Patinoire et piste de luge, il fallait y penser. A conseiller."
784,04/01/2024,Avocat,Avec des jeunes enfants,4,Oui,Très belle journée
785,04/01/2024,Avocat,Avec des jeunes enfants,4,Oui,Pas beaucoup d’attente aux manèges. Super journée
786,04/01/2024,Avocat,Avec des jeunes enfants,5,Oui,On aurait aimer savoir que le parking coutait 20€ : ce fût une surprise!
787,04/01/2024,Avocat,Avec des ados,4,Oui,"Bon séjour au Parc avec des attractions de qualité et à sensation ! 
L'hôtel les quais de Lutéce est magnifique. 
Dommage pour la restauration le midi, la moitié des snacks fermés, des files d'attentes importantes."
788,04/01/2024,Avocat,Entre amis,5,Oui,Journée parfaite
789,04/01/2024,Avocat,Avec des ados,5,Oui,"Super journée, Les Filotomatix Argent nous ont permis de profiter encore plus en faisant plusieurs fois nos attractions favorites. Le jardin de Noël est merveilleux."
790,04/01/2024,Avocat,Avec des jeunes enfants,5,Oui,Journée super
791,04/01/2024,Avocat,Avec des jeunes enfants,5,Oui,Très beau parc ma fille à adorée ts les manèges ts est magnifique
793,04/01/2024,Avocat,En couple,5,Oui,C’était juste exceptionnel
794,03/01/2024,Avocat,Avec des jeunes enfants,5,Oui,Une super journée !
795,03/01/2024,Avocat,Avec des jeunes enfants,5,Oui,1ere fois en saison hiver. Très jolies décorations et belle ambiance dans tout le parc seul bémol on voit que certaines attractions ont besoin d'un rafraîchissement à voir si avant le printemps cela effectué !
797,03/01/2024,Avocat,Seul,4,Oui,"Parque recomendable. Variedad de atracciones para todos los gustos. Desde las más suaves a las más intensas. No fue el mejor día para disfrutar del parque debido a la gran afluencia de gente, pero aún así la esperiencia fue positiva."
798,03/01/2024,Avocat,Entre amis,5,Oui,Très bon Parc j’y vais au moins 4x par ans !
799,03/01/2024,Avocat,Avec des ados,4,Oui,"Beaucoup trop d attentes , plus de 2 heures"
800,03/01/2024,Avocat,Entre amis,4,Oui,"Nous avons séjourné à l'hôtel dans un décor magnifique. Le lendemain, nous avons profité du parc et surtout de notre attraction préféré Toutatis. Les spectacles était magnifique et nous avons profité de la patinoire."
801,03/01/2024,Avocat,Avec des ados,4,Oui,"La décoration du parc est superbe , et il y a de la diversité dans les attractions malheureusement certains jours le temps d'attente est très long 1h ou 1h30"
802,03/01/2024,Neutre,Avec des ados,3,Oui,"Très gros problème de réseau.. 
Application inutilisable au cours de la journée.. 
Beaucoup d'informations manquantes."
803,03/01/2024,Avocat,Avec des ados,4,Oui,Nous y avons passé 3 jours excellent
804,03/01/2024,Avocat,Entre amis,4,Oui,"C’était sympa, attractions au top ! Armé vous de patience pour l’attente et les gens impolis ! 
Le personnel au top !"
805,03/01/2024,Avocat,Avec des ados,5,Oui,"Nous avons fait le déplacement de la Martinique spécialement pour l'anniversaire de ma fille qui s'est fêtée le 31 décembre au parc Astérix, nous avons adoré malgré le froid ! Nous reviendrons !"
806,03/01/2024,Avocat,En couple,5,Oui,"Nous avions choisi de passer le jour de l an au parc en sejournant a l hotel trois hiboux deux nuits 
Reveillon au restaurant du cirque 
 
Chambre confortable 
Buffets de qualité 
 
On reviendra !"
807,03/01/2024,Avocat,Avec des jeunes enfants,4,Oui,"Très belle journée. 
La décoration du parc avec de beaux matériaux : ciment/pierre... c'est très joli. 
Beaucoup moins de plastique qu'à Disney donc belle décoration bravo."
808,03/01/2024,Neutre,Entre amis,3,Oui,"Très bon séjour au Parc Asterix, l'accueil y est agréable et ambiance festive au moment de Noël. 
Dommage cependant que plusieurs activités aient été fermées pour laisser place aux décorations et au marché de Noël. Cela limite les possibilités et le choix dans les activités adultes"
809,03/01/2024,Avocat,Avec des jeunes enfants,4,Oui,"Super journée dans l'ambiance Noël Gaulois...Superbes décors, spectacles et illuminations mais hélas...victime de son succès... le parc complet... une bien trop longue attente, pour déjeuner, surtout avec des petits... 45 mn de file d'attente, pour découvrir certains produits en rupture... décevant...Il aurait été judicieux d'ouvrir un peu plus de kiosques restauration pour palier à cette forte affluence..."
810,03/01/2024,Avocat,Avec des jeunes enfants,4,Oui,Site facile à utiliser.
811,03/01/2024,Avocat,Avec des jeunes enfants,4,Oui,Tout était très bien par contre à la tombée de la nuit manque de luminosité pas d’éclairage dans le parc.
812,03/01/2024,Neutre,Avec des jeunes enfants,3,Oui,"Un accueil plus que moyen ... Les saisonniers ont un langage limite ... A base de ""wesh ,t'inquiète ou encore tranquille"" en s'adressant aux clients ... Une honte l'attraction défi de césar ... Rien ne fonctionne,nul vraiment"
813,03/01/2024,Avocat,Avec des ados,5,Oui,"Nous avons passé 2 journées au Top avec nos 2 enfants qui sont fans comme nous d’Astérix et des sensations fortes. Nous avons été servis comme à chacune de nos visites. De plus, nous avons bien aimé l’hôtel de la cité suspendue même si nous avions préféré les quais de Lutèce lors de notre dernière visite. 
Nous reviendrons sans aucune hésitation."
814,03/01/2024,Avocat,Avec des jeunes enfants,4,Oui,"Premier séjour avec nos enfants et elles ont été super contentes. 
Personnel agréable et souriant. 
Les enfants souhaitent revenir cet été et pour le nouvel an."
815,03/01/2024,Neutre,En couple,3,Oui,"Bonne journée, toutefois il manque une certaine diversité parmi les attractions proposées, nous avons droit qu'à du sensationnel sur du grand huit, mais assez pauvre en terme d'attractions ""d'ambiance""."
816,03/01/2024,Avocat,Entre amis,4,Oui,"Très belle découverte, nous y reviendrons pour plusieurs jours cette fois ci. Soirée du reveillon superbe, le repas etait excellent. Très belle soirée. Merci."
817,03/01/2024,Opposant,Entre amis,2,Non,"Nous avons été très déçus de notre journée, en moyenne 70-90min d’attente par attractions! On passe sa journée à attendre pour faire au final seulement 4 attractions, c’est très frustrant et cela ne vaut pas le coup. Peut être faudra-t-il réguler le nombre d’entrée par jour? Les points positifs restent les attractions à forte sensation et les jardins de Noël très joliment illuminés."
818,03/01/2024,Avocat,Avec des jeunes enfants,5,Oui,"Qui veut la peau du père noël était génial pour nos enfants de 6 à 10 ans. Mais pour nous aussi parents. Le cirque aussi mais évidemment plus traditionnel même si le narratif avait une pointe de subversivité appréciable. 
Attention Menhir nous beaucoup amusé aussi. 
Toutatis est parfaitement incroyable. Une folie pure à renouveler. 
 
L'hôtel et le restaurant cité suspendue était formidables en tous points. Rien à reprocher. Tout a été formidable. 
 
Sur le parc, peut être manque t'il quelques petits cafés cosy. Mais les points avec du feu de bûche de bois a pu compenser. Une super expérience. Un gros bémol sur la qualité du charbon qui dégageait de fortes émanations de soufre préoccupantes et bien désagréables."
819,03/01/2024,Avocat,Avec des jeunes enfants,5,Oui,"magnifique séjour, des attraction pour tous les âges, rencontre avec les personnages. Dommage que le parc ferme à 19h on en aurai bien profité un peu plus .... 
délicieux buffet du 31 très varié avec d'excellents produits. 
Hôtel de la citée suspendue très agréable"
823,03/01/2024,Avocat,Avec des ados,5,Oui,"28ans que je n'étais pas venu au Parc Asterix, et je me souviendrais de ce passage après avoir perdu mes clés de voiture dans Toutatis :) ça décoiffe mais heureusement le personnel est bienveillant et a fait le nécessaire pour les retrouver rapidement. 
Le parc est agréable, varié, et les décos de Noël le soir sont vraiment superbes. Bravo Parc Astérix, on reviendra (les poches fermées cette fois-ci) :)"
824,03/01/2024,Neutre,Entre amis,3,Oui,Très beau parc mais un peu plus de magie à cette période de Noël aurait été super.
825,03/01/2024,Avocat,En couple,4,Oui,"Très bien, comme d'habitude, malgré la grisaille. Nous avons passé un bon moment."
826,03/01/2024,Avocat,Avec des ados,5,Oui,Super journée au parc Astérix
827,03/01/2024,Avocat,En couple,4,Oui,"Très déçu du restaurant à côté de l’attraction toutatis, celui qui propose burguer végane ect. Très cher, attente très longue alors qu’il y avait pratiquement personne (il était 17h), personnelle très lent , sandwich prêt et servis 15minutes après qu’il soit prêt , et je n’exagère vraiment pas, frite toute molle et froide et sandwich froid. Manager qui vient pas aider qui traîne dans les parages, et qui se fait son plateau. Dommage"
828,03/01/2024,Avocat,Avec des ados,4,Oui,"Tout était parfait, l'hotel le parc, etc seul bémol c'est les files d'attentes, je pense que le parc devrait ouvrir à 10h comme en saison estivales, et plus d'attraction ouverte pour les rsident à l'hotel. mais c'était une super expériénce."
829,03/01/2024,Avocat,En couple,5,Oui,Toujours un plaisir de profiter du parc pendant les fêtes.
831,03/01/2024,Avocat,Avec des jeunes enfants,5,Oui,"Une excellente journée du 31 décembre dans le parc avec le thème ""Noël gaulois"". Des spectacles magnifiques, une jolie parade et un feu d'artifice spectaculaire, une belle décoration du parc. Une excellente gestion des temps d'attente avec l'application (nous avons fait toutes les ""grosses attractions"" avec moins de 30 minutes de queue en fonction des moments de la journée). De quoi terminer l'année en beauté."
832,03/01/2024,Avocat,Avec des jeunes enfants,4,Oui,"Les Psh sont pas très bien accueilli, pas génial le coup de l application pour les psh , du coup ont peut faire q une fois les attractions et après ont peut plus faire car trop d attente"
833,03/01/2024,Avocat,Avec des ados,4,Oui,"En effet le personnel est très courtois. Je jardin de Noel était magique, une très bonne balade à faire. 
Pour Noël c’est réussi, le vin chaud, patinoire….👍"
834,03/01/2024,Avocat,Avec des jeunes enfants,5,Oui,Nous sommes venus deux fois en 1 ans et ces toujours un plaisir. Tous est fait pour passer une journée mémorable.
836,03/01/2024,Avocat,Avec des ados,4,Oui,"Séjour à l hôtel calme et agréable, la magie à opéré."
837,03/01/2024,Avocat,Entre amis,5,Oui,"C’est un parc d’attractions incroyable, la diversité des attractions pour petits et grands et là ainsi que les spectacles, le défilé gaulois et bien d’autres encore au rythme des saisons, le parc s’améliore constamment!"
838,03/01/2024,Avocat,Avec des jeunes enfants,5,Oui,"Une belle surprise ! Ce parc mérite largement d’être plus connu du grand public. 
 Un décorum incroyable, des animations de qualité à la fois pour les petits et grands et l’ambiance de Noël était véritablement magique. Tout est bien pensé : les grosses attractions pour adultes sont positionnées aux côtés d’attractions pour enfants faisant ainsi le bonheur des parents qui peuvent s’alterner en laissant leur progéniture s’éclater sur leurs animations. Je ne m’attendais pas à une telle qualité d’animations et une telle ambiance. Grosse mention pour les spectacles de rues (barberousse) et le feu d’artifice final qui viennent donner encore plus de magie à cette journée sans oublier les feus de bois aux attractions qui réchauffent la température exterieure. Je reviendrais sans hésiter."
839,03/01/2024,Avocat,Avec des ados,5,Oui,"Notre séjour à l'hôtel la cité suspendue (une nuit et deux dans le parc) a été excellent ! Chambre propre et confortable, restauration au top (et je suis difficile..), les attractions géniales sans attente excessive, les spectacles au top, rencontre avec les personnages accessibles et faciles ! Séjour parfait !"
840,03/01/2024,Avocat,Entre amis,5,Oui,"La diversité des attractions permet à tout les membres de la famille d'avoir du plaisir et des sensations, les spectacles sont vraiment un régale. je reviendrais par Toutatis..."
843,03/01/2024,Avocat,Avec des ados,4,Oui,Super séjour !
844,03/01/2024,Avocat,Avec des jeunes enfants,5,Oui,C'est notre parc préféré on adore l'ambiance et une chose qui nous plaît c'est à la fermeture du parc personne ne nous pousse vers la sortie on peut prendre notre temps et ça c'est super apreciable tout est bien organisé et les spectacles sont de qualités et l'attente dans les manèges et assez rapide grâce à une bonne organisation et les restaurants sont super merci asterix
845,03/01/2024,Avocat,Avec des ados,5,Oui,Très beau parc d'attractions avec de belles attractions pour tous les goûts et les âges. Bonne organisation. Personnel attentif et sympathique. Spectacles de très bonne qualité. Ambiance des différents voyages principaux des personnages respectés. Un très beau séjour qui a ravi toute la famille!
846,03/01/2024,Avocat,Avec des jeunes enfants,5,Oui,Très bons moments passés durant cette période de fêtes. Le jardin de père noël est juste sublime et bravo pour la qualité des spectacles.
849,03/01/2024,Avocat,Avec des jeunes enfants,4,Oui,"Super séjour deco vraiment bien 
Les enfants sont heureux"
850,03/01/2024,Avocat,Avec des ados,4,Oui,Diversões espetaculares
852,03/01/2024,Avocat,En couple,5,Oui,"Les attractions sont superbes, elles changent des attractions des autres parcs en France 
Manque d'entretien sur le parc (peinture et propreté des décorations principalement)"
857,03/01/2024,Avocat,Avec des jeunes enfants,5,Oui,"Super week-end du jour de l’an passé en famille une belle ambiance de Noël avec de belles décorations et illuminations, nous étions à l’hôtel des trois hiboux, accueil excellent, repas du restaurant très bon chambre familiale très confortable"
859,03/01/2024,Avocat,Avec des jeunes enfants,5,Oui,Un moment magique
860,03/01/2024,Neutre,Avec des ados,5,Non,"Que du positif, coup de cœur pour les spectacles et la gentillesse du personnel / personnages."
861,03/01/2024,Avocat,En couple,4,Oui,"L'accueil à l'hôtel par une hôtesse un peu perdu , qui nous a donné la moitié des informations . Dans le parc pas de problème , le spectacle du cirque pendant le repas de la St Sylvestre vraiment ridicule !! le repas impeccable"
862,03/01/2024,Opposant,Avec des ados,2,Non,Trop de monde c'est insupportable
864,03/01/2024,Neutre,Avec des jeunes enfants,3,Oui,"Nous avons opté pour la soirée réveillon avec le buffet qui ne porte que le nom réveillon mais ne l'évoque pas. 
 à 23h45 on nous a invité avec insistance à quitter notre table, alors que notre fils était endormi sur une chaise nous avons simplement demandé le compte à rebours 
 
on nous avait annoncé de l'ambiance,des mascottes, des Jeux pour enfants, nous n'avons rien vu de tout ça 
effectivement il y avait un groupe de musique à l'entrée de l'hôtel pas de réelle animation à table. 
nous sommes réellement déçus au vu du prix engagé : 360 € pour une famille, pour un buffet réveillon qui en réalité n'était qu'un repas. 
Notre séjour fut néanmoins préservé par la qualité des attractions avec un gros bémol: une heure d'attente pour 4 gaufres malgré quatre serveurs qui planent"
865,03/01/2024,Avocat,Avec des ados,4,Oui,"Chouette week-end du jour de l’an dans le parc ! Attente raisonnable aux attractions, dommage qu’en hiver le parc soit moins vivant. Nous n’avons vu aucun personnage en deux jours, beaucoup de stands fermés et aucune animation."
866,03/01/2024,Avocat,Avec des jeunes enfants,4,Oui,"Première fois que je faisais le parc à cette période et c'est vraiment très réussi, ils ont bien bosser les décors de Noël et l'ambiance est très sympa"
867,03/01/2024,Neutre,En couple,3,Oui,"Séjour bien passé dans l'ensemble, mais les prix dans les boutiques et le café sont chers."
868,03/01/2024,Avocat,Avec des jeunes enfants,5,Oui,"Nous avons passé une magnifique journée au Parc Astérix pour le noël gaulois ! Les décorations nous ont illuminé les yeux du début à la fin ! 
Nous reviendrons à noël c’est sûr ! Merci pour cette belle journée !"
869,03/01/2024,Avocat,Avec des ados,4,Oui,"Déçue par la prestation st sylvestre de l'hôtel "" cité suspendue"". 
Prix excessif surtout pour les enfants de moins de 12ans qui mangent 3 frites (métaphore) et une fois que la salle se vide à 23h30 on nous demande de sortir et tous les employés commencent à ranger alors que nous sommes à côté. 
Mis à part ce fait l'hôtel et le parc génial et personnels agréables ."
870,03/01/2024,Avocat,Avec des jeunes enfants,4,Oui,Le Noël gaulois est une superbe période. Malheureusement nous y sommes allés le 25 et c'était très chargé.
871,03/01/2024,Avocat,Entre amis,4,Oui,De nombreuses pannes sur les attractions lors de notre visite.
872,03/01/2024,Neutre,En couple,3,Non,"La sécurité semble moyenne sur plusieurs attractions, la gestion pmr n'est pas terrible, les ascenseurs ne fonctionnent pas sur plusieurs attractions, j'ai du monter beaucoup d'escaliers. 
L'appli plante souvent donc on a perdu plusieurs fois le créneau pmr demandé. 
La nourriture est chère et mauvaise, les gaufres surgelées et toujours froides dedans, le sandwich savoyard fait d'une baguette industrielle, une tranche de jambon passable et un tout petit peu de fromage par ci par là qui n'a pas trop de goût. Le cappuccino était carrément dégueulasse, à presque 5 euro pour la taille d'un expresso... 
Notre meilleur moment de la journée a été le spectacle de patinage, tout simplement fabuleux, les artistes patineurs étaient formidables, ça a rattrapé un peu notre expérience pas terrible."
873,03/01/2024,Avocat,Avec des ados,4,Oui,"Malgré l ambiance toujours sympathique, Parc vieillissant manquant d entretien : peintures écaillées des décors et personnages et des restaurants, parties des décors abimées ou pourries, parcours des files d attente sols sales avec toiles d araignées. Et ....2h d attente aux attractions ""sensation"", on se croit à Disney. 3 attractions dans la journée...."
875,03/01/2024,Neutre,Seul,3,Oui,"En période de Noël c'est deux heures d'attente devant chaque rouleur coaster, c'est beaucoup TROP ! Même si il y a plus de mondes a Noël se qui est normal, j'ai était très déçu du parc."
877,03/01/2024,Neutre,Entre amis,4,Non,Dommage que Toutatis était en panne. Nous venions exprès pour essayer la nouvelle attraction et nous n’avons pas pu l’essayer !
878,03/01/2024,Avocat,Avec des jeunes enfants,5,Oui,"Attractions de qualité pour petits et grands. Sensations fortes assurées, mais des moments plus conviviaux en famille aussi. 
Application lente sur le parc, mais fiable dans les temps d'attente. 
Beau défilé des chars en fin de journée."
879,03/01/2024,Opposant,Avec des ados,2,Non,"Nous avons été très surpris par la saleté qui règne dans le parc. Des toilettes qui sont imprégnés par l’odeur de l’urine, de la salle du restaurant en passant par les attractions, crasse, poussière et toiles d’araignées règnent en maîtres. 
Le parc est vieillissant et mériterait un bon coup de peinture. Peut-être serait-il judicieux de stopper les investissements dans les nouvelles attractions et de les placer dans de la rénovation . 
Le prix de la restauration nous a également surpris, très cher pour une qualité et un service bas de gamme . 
Quant aux salariés, le sourire est difficile à obtenir . 
 
Bref rien pour faire rêver un peu et apprécier sa journée . 
 
Mention spéciale pour « le jardin merveilleux du père Noël »; une vraie réussite et le seul point positif de ma journée ."
880,03/01/2024,Avocat,Avec des ados,5,Oui,"Nous avons passé un super séjour et le réveillon du nouvel an à la hauteur de nos attentes. Les décors sont magnifiques, l'hôtel la cité suspendue est top. Super ambiance, nous avons beaucoup aimé l'orchestre, le repas de la St Sylvestre est varié et très bon. Le personnel très accueillant. Tout était parfait. Sauf notre carte d'accès pour la chambre qui ne fonctionnait pas à notre arrivée mais le problème a été vite résolu. Nous reviendrons avec grand plaisir."
881,03/01/2024,Avocat,Avec des ados,5,Oui,"Comme d'habitude, nous avons passé une journée inoubliable! Parents ravis, enfants heureux!"
882,03/01/2024,Avocat,Avec des jeunes enfants,5,Oui,Super
883,03/01/2024,Avocat,En couple,4,Oui,"Des sensations fortes ! De la diversité , un parc superbe"
884,03/01/2024,Avocat,Avec des ados,4,Oui,Très bon parc d attraction pour petit et grand.
885,03/01/2024,Neutre,Avec des jeunes enfants,3,Oui,"Bonjour 
 
Hotel et parc très bien par contre le repas buffet du réveillon ce n’était pas digne et a la hauteur, presque 300€ pour un buffet classique, aucun service, pas d’animation comme noté, j’ai l’impression de m’être fait avoir, c’est inadmissible vu le prix, je suis très déçu et un peu agacé 
En espérant avoir un retour et un geste de votre part 
 
Vous remerciant par avance 
 
Cordialement 
 
M. Lopes"
886,03/01/2024,Avocat,Avec des ados,4,Oui,"Soirée du 31/12 parfaite. 
Hôtel très chaleureux et repas de grande qualité 
Super produit et en buffet"
887,03/01/2024,Opposant,Entre amis,1,Non,"Parc hors de prix pour ne pouvoir faire que deux attractions dans la journée TELLEMENT IL Y AVZIT DE MONDE. C’est une arnaque totale. Alors qu’il suffirait de réguler en s’inscrivant sur le site s afin de limiter le nombre de gens donc l’attente. 
Du vol voilà ce que je ressens"
888,03/01/2024,Avocat,Entre amis,4,Oui,"Nous avons tous adoré notre séjour 4 adultes, 2x 11 ans, 2 ans et 3 ans"
890,03/01/2024,Avocat,Avec des jeunes enfants,4,Oui,"Très beau parc d attraction, les sensations sont assurées. Nous y avons passé 2 jours au 31, petits et grands se sont amusés. L ambiance, les spectacles, les attractions, nous ont permis de passer un séjour inoubliable. Merci Asterix et Obélix."
891,03/01/2024,Avocat,Avec des jeunes enfants,5,Oui,"Super journée au parc pour le 31/12 avec un spectacle sur glace magnifique et une ambiance et déco dans l’esprit des fêtes ! Le personnel était adorable, les enfants étaient ravis de découvrir en vrai l’univers des irréductibles et sa parade que l’on est parti pour fredonner encore longtemps !"
892,03/01/2024,Avocat,En couple,5,Oui,"C’était une première fois pour nous !! Et c’était vraiment génial ! L’hôtel est magnifique à 5 minutes à pied, tout était parfait pour passer un bon moment !!"
893,03/01/2024,Avocat,Avec des ados,5,Oui,"Nous avons profité du parc pendant les vacances Noël. 
Le parc est MAGNIFIQUE ! 
Les spectacles sont beau même si je ne suis pas fan de quel cirque! Dans l'arène je préfère le spectacle été. Bravo sur le fait d'avoir utiliser Romus Rapidus pour en faire une MAGNIFIQUE ballade ds les jardins du père Noël c'est wouah 
De nuit certaines zones du parc ne sont pas éclairé c'est dommage. Et la demi heure du matin est à mon goût amer nous ne faisons pas de manège à sensation résultat des courses on en a pas profité car sur cette demi heure vous êtes bridé à devoir suivre un seul chemin et aucune attractions ballade est ouverte comme epidemais ou la rivière d'Élis voir même les espions de césar qui attire beaucoup de monde et même problématique le soir à partir de 17h30 des attractions fermés."
894,03/01/2024,Avocat,Avec des jeunes enfants,4,Oui,"Un moment inoubliable magique à refaire . 
Personnages accessibles facilement hôtel les 3 hiboux hypers agréable très bonne ambiances 
Jour de l’an top nous reviendrons"
895,03/01/2024,Neutre,Avec des ados,3,Oui,"Si vous êtes rugbyman ne venait pas au parc, vous ne pourrez pas faire d’attraction. Si vous faites 1m90 et une centaine de de kilos vous ne pourrez pas faire d’attraction. Déçue de ma dernière visite. Le Parc Astérix cible sa clientèle. 20€ le parking à nid de poule."
896,03/01/2024,Avocat,Avec des jeunes enfants,4,Oui,Tres bon moment en famille !! Feerique
897,03/01/2024,Avocat,Entre amis,4,Oui,"J’ai passé un très bon moment avec mes amis, malheureusement en période de fêtes il y a énormément de monde. Je déconseille ahah, 4 attractions en 7h… mais sinon c’était plutôt cool. Choisissez la bonne période !"
898,03/01/2024,Avocat,Avec des ados,5,Oui,"Les spectacles sont magnifiques, enjoués. Nous avons passé une excellente journée dans l'ambiance de Noël. Le parc est magnifiquement décoré, nous avons été enchantés. La musique, les chants de Noël, le défilé, le marché, les feux pour se réchauffer, le feu d'artifice et la neige pour nous accompagner au moment du départ. Tous les symboles enchanteurs de Noël. Nous avons terminé l'année en Beauté."
899,03/01/2024,Avocat,Entre amis,5,Oui,"Nous avons passé un excellent séjour au parc Asterix, l'hôtel était super ainsi que les attractions du parc."
900,03/01/2024,Avocat,Avec des jeunes enfants,4,Oui,L'expérience était bien mais dommage pour les spectacles étaient vraiment pas au top concernant les 🔥 d'artifice et la parade aussi très limitée pas grand chose à voir comparer par apport aux autres parc qu'on a fait mais ça reste intéressant de découvrir et le personnel top des top souriants .
901,03/01/2024,Neutre,En couple,3,Oui,"Super Parc, les attractions sont incroyable et variées, le personnel du parc est par contre dans l'ensemble très désagréable, certains ne parlent pas français. La politesse n'est pas au rendez-vous."
902,03/01/2024,Avocat,Avec des jeunes enfants,4,Oui,"Très bonne journée en famille, attractions sympa, parc propre. Bémol la fréquentation du parc"
904,03/01/2024,Avocat,Avec des ados,5,Oui,Super ambiance décos spectacle et attractions de Noël ! Par contre les spectacles du dîner spectacle étaient decevant.
905,03/01/2024,Avocat,Avec des jeunes enfants,4,Oui,"Le parc est vraiment agréable et nous avons passé un bon moment . 
Les attractions sont géniales ."
906,03/01/2024,Opposant,En couple,1,Non,"catastrophique, pas de cohésion entre les hôtels et le parc. impossibilité de savoir ou le repas du réveillon était réservé. suite a réservation. personnels de réception des hôtels incompétent et gens-foutre . personne n'as chercher a régler notre problème, nous avons donc décider d'abréger notre séjour, nous n'avons même pas profiter de notre nuit d'hôtel, ni du repas du réveillon. les poubelles des attractions (pégase, jules césar, etc.) n'était même pas vidées et débordait à 11h30 du matin . nous avons demandé 3 fois dans la journée pour le repas du réveillon et personne n'a été capable de nous répondre. il a fallu attendre 21h00 et que je monte le ton pour que l'on me donne une explication"
907,03/01/2024,Avocat,Entre amis,5,Oui,"Week-end du 31.12 au 01.01.24 au top ! 
La soirée de la St Sylvestre était cool et l'ambiance de nui5mt c'était magique. 
Nous avons passés 2 jours féerique et magique 
A la prochaine"
908,03/01/2024,Neutre,Entre amis,3,Non,"Journée famille autour du noël gaulois, tellement de monde et après plus d’1h30 de queue alors que c était annoncé 50 min. 
Tous les autres jeux entre 70 et 90 min d attente … cela devient pire que son concurrent Disney. Dommage car c’est un parc familial de base. Payer 51€ par personne pour 6 et ne pouvoir faire qu’un jeu, journée peu rentable et peu de plaisir… dommage"
909,03/01/2024,Avocat,Avec des ados,5,Oui,Nous avons passé deux superbes journées au parc. La nouvelle attraction Toutatis est juste géniale (mais elle a été plusieurs fois à l'arrêt). Nous avons également profité de l'hôtel et du repas du nouvel an. Buffet très complet et boisson à volonté avec une ambiance musicale très appréciable. Je le conseil vivement.
910,03/01/2024,Avocat,Avec des jeunes enfants,4,Oui,Excellente journée sur le parc même si les agents des attractions pourraient être un peu plus souriant
911,03/01/2024,Avocat,Avec des ados,5,Oui,"Excellent parc d'attractions à sensations. 
Il manque des agents de surveillance afin d'éviter que des gens doublent sans gêne. 
Cette situation crée de la frustration car nous ne sommes pas là pour nous embrouiller. 
Il manque un ""filotomatix"" avec temps d'attente mais sur toutes les attractions."
912,03/01/2024,Avocat,Avec des ados,5,Oui,Super journée spectacles au top ainsi que l’ambiance
913,03/01/2024,Avocat,Avec des ados,4,Oui,"Les attractions sont super, mais dans le parc on a pas senti la magie d Astérix et obélix , c’est dommage…"
914,03/01/2024,Avocat,Avec des ados,5,Oui,Très bon séjour
915,03/01/2024,Opposant,Avec des ados,2,Non,Dommage !! 2h30 d'attente pour une attraction avec un parc qui ferme à 19h
916,03/01/2024,Avocat,Avec des jeunes enfants,4,Oui,"Le parc est très bien, des montagnes ruses incroyables. Mais trop de monde et beaucoup des queues par tour"
917,03/01/2024,Avocat,Entre amis,4,Oui,"Le site internet est bien fait, assez facile d'utilisation."
918,03/01/2024,Avocat,En couple,4,Oui,"Super attractions, le seul bémol comme d'habitude, beaucoup d'attente pour finalement ne pas avoir le temps de tout faire. La seule chose qui me dérange vraiment, c'est d'attendre 7 heures dans les files d'attente pour seulement 30 minutes d'attraction."
919,03/01/2024,Avocat,Entre amis,5,Oui,"Les meilleures attractions dans la région, les autres parcs à thèmes ne proposent pas une telle diversité dans les sensations fortes."
920,03/01/2024,Avocat,Avec des ados,4,Oui,"Parc très agréable, ambiance sympathique mais beaucoup trop d'attente aux attractions. Quota à mettre en place pour les entrées."
921,03/01/2024,Avocat,Avec des ados,4,Oui,Trop de monde attente partout même pour manger on passe la majorité du temps à faire la queue.
922,03/01/2024,Avocat,Avec des ados,4,Oui,Très bon séjour ds le parc ..dommage trop d'attente ce jour sa gâche lambiance
923,03/01/2024,Avocat,Avec des jeunes enfants,4,Oui,Sur la période de Noël pas assez de restaurants fermés ou se mettre au chaud
924,02/01/2024,Avocat,Avec des ados,4,Oui,"Toujours un plaisir ce parc,je ne m'en lasse pas! 
Seul gros bémol, 45 minutes d'attente pour récupérer mes pass filotomatix illimités qu'il faut imprimer impérativement sur papier (version électronique non acceptée... l'écologie n'est pas encore d'actualité 50 ans avant JC...)"
925,02/01/2024,Avocat,Avec des jeunes enfants,5,Oui,"1ere visite chez Astérix nous avions beaucoup hésitez car nous avons deux enfants de 4 et 7 ans et avions peur que les attractions ne soient pas adapté à leur âge, mais quelle belle surprise au niveau du nombre d'attractions adaptées aux enfants !!! Une très belle ambiance , un parc très propre , l'attente est très raisonnable même sur une période très forte (entre Noël et nouvel an) la prochaine on reviendra quand ils seront plus grand et nous ferons les attractions un peu plus punchy !! Très bon parc nous avons adoré ! Famille Jézéquel"
927,02/01/2024,Avocat,Avec des ados,4,Oui,Bonjour. Je trouve le parking un peu cher étant donné le service fourni. Je pense qu'il y a beaucoup trop de monde dans le parc niveau sécurité et attente interminable dans les attractions. Le parc est magnifique le prix de l'entrée est justifié. La propreté est soignée. L'accueil est sympathique. L'application est plutôt bof dûe je pense au nombre de personnes qui l'utilise en même temps. La sortie du parking est très mal organisée. Nous avons néanmoins passé une agréable journée et y retournerons très certainement cet été. Belle journée a toute l'équipe. Adrien
928,02/01/2024,Avocat,Avec des ados,4,Oui,Encore une chouette journée au sein du parc. Et une grande chance avec le temps...
930,02/01/2024,Avocat,Avec des ados,5,Oui,"Merci Astérix pour ces 2 jours hors du temps : beau temps , personnel efficace et sympathique, affluence modérée….. déconnexion 100%"
931,02/01/2024,Neutre,Avec des jeunes enfants,3,Oui,Parc excellent pour la famille mais malheureusement trop de monde présent dans le Parc et cela devient usant / lassant.
933,02/01/2024,Avocat,Avec des jeunes enfants,5,Oui,Très bien
935,02/01/2024,Neutre,Avec des ados,3,Oui,"Le parc est plutôt sympa, mais on est clairement chez Astérix et pas du tout chez Obélix. 
Attention si vous faites plus d'1m90 et plus de 120 kg, vous risquez de n'avoir accès qu'à la moitié des attractions. 
Celles réservées aux tout petits bien sûr, mais surtout les attractions à sensations fortes dont les systèmes de sécurité refuseront de se bloquer. Du coup parfois 90 minutes d'attente pour apprendre que vous ne pourrez pas faire l'attraction. Plutôt frustrant, alors essayez de vérifier notamment pour Oz iris, Toutatis, Gyroflix, Tonnerre de Zeus. 
Pour info, il y a un siège test pour Toutatis, n'hésitez pas à demander à le tester avant de vous mettre dans la file, j'ai attendu 30 minutes avant d'y arriver, du coup je n'ai pas fait les 9 minutes de lus qu'il restait. Ouf!!!"
936,02/01/2024,Avocat,Entre amis,4,Oui,Bcp d attente dans les attractions !
937,02/01/2024,Avocat,Avec des jeunes enfants,4,Oui,Une très belle journée en période de noël nous avons passé des supers moments en famille !!! On reviendra à d’autres périodes de l’année !
939,02/01/2024,Avocat,Avec des ados,5,Oui,Le meilleure parc attraction.
940,02/01/2024,Avocat,Avec des jeunes enfants,5,Oui,"Il y en a pour les grands et les petits, c'est très convivial et la période du Marché Gaulois 🎄 est la plus belle à mes yeux."
941,02/01/2024,Neutre,Avec des ados,3,Non,"Beaucoup trop de monde dans le parc en même temps, ce qui entraîne des temps d'attente bien trop longs. La propreté pourrait être meilleure, les toilettes sales et insuffisantes. Beaucoup trop de gens utilisent le pass express et cela fait que les autres restent là encore plus longtemps. Il y a trop souvent des perturbations dans les trains. Le parc, le personnel et les magasins sont super mais nous n'y reviendrons pas et je ne le recommanderai pas non plus."
942,02/01/2024,Avocat,Avec des jeunes enfants,4,Oui,"Un parc avec un vaste choix d'attractions et de spectacles pour tous les goûts et tous les visiteurs (famille, jeunes, solo). Une ambiance qui se rapproche de l'esprit de la BD !"
943,02/01/2024,Avocat,Avec des ados,5,Oui,"La experiencia ha sido estupenda, tanto en el parque como en el hotel. Además todo precioso adornado de navidad. Lo hemos pasado muy bien."
944,02/01/2024,Avocat,Avec des jeunes enfants,4,Oui,"Excellent séjour malgré le temps pluvieux. La parade, les spectacles, les attractions, le parcours illuminé à NOEL, tout était parfait."
947,02/01/2024,Avocat,Avec des ados,4,Oui,très bonne journée mais bcp de queue (60-90min)
948,02/01/2024,Neutre,Avec des ados,3,Oui,"Passage le 25 décembre au Parc, le temps ne nous a pas gâté mais les attractions sont très sympas. Parfois trop d'attente par manque de personnel et nous étions assez nombreux sur le parc ce jour là."
949,02/01/2024,Avocat,Entre amis,5,Oui,"Encore une excellente thématisation pour cette période de Noël, le parc Astérix grandit de jour en jour, et pour cette période de Noël ils ont mis les petits plats dans les grands pour le plus grand plaisir des visiteurs !"
950,02/01/2024,Avocat,Avec des ados,4,Oui,"Première visite du parc = décors très bien 
Attente aux attractions trop longue il faut je pense prendre le pass à 30 euros en plus du billet sinon vous ne pourrez faire que 3 des principales et quelques petites, ça restera ma déception de cette journée, avoir passé la moitié du temps dans les files.. 
Ensuite les attractions dans l'eau plutôt nombreuses étaient fermées, mais c'était l'hiver, en contrepartie la patinoire et la luge pour l'occasion, c'était très sympa"
953,02/01/2024,Neutre,Avec des ados,3,Oui,Trop de pannes sur Toutatis. Ca n'arrête pas d'être bloqué.
954,02/01/2024,Avocat,Avec des ados,5,Oui,"Noël au parc Astérix c'est magique, bravo pour le parcours créé cette année c'est féérique. Il faut surtout s'arrêter au relais des lutin même s'il y a de l'attente, c'est magique à l'intérieur. 
C'est toujours un plaisir de se rendre au parc Astérix en toute saison."
955,02/01/2024,Avocat,Avec des jeunes enfants,4,Oui,"belle première expérience 
les quais de lutèce et son restaurant magnifiques"
956,02/01/2024,Avocat,En couple,5,Oui,"Nous avons passé une journée magnifique et les attractions proposées sont géniales, notamment la nouvelle attraction du Parc. Seul petit bémol, les longues files d'attente parfois pour certaines attractions."
957,02/01/2024,Avocat,Avec des jeunes enfants,4,Oui,"Très bonne ambiance, parc accessible à tous avec des produits de qualités et à très bon prix. 
La nourriture des producteurs locaux est vraiment bonne."
958,02/01/2024,Avocat,Avec des jeunes enfants,4,Oui,"Parc très bien décoré pour Noël, Toutatis la nouvelle attraction vaut le détour: fortes sensations garanties! 
Petit bemol, trop de monde aux points restauration et surtout, manque d'approvisionnement...et ce n'est pas la première année que nous le constatons, dommage! De plus, tout est hors de prix en matière de restauration à emporter, exemple: sandwish 8,50€!"
959,02/01/2024,Avocat,Avec des ados,4,Oui,"Très bon séjour malgré quelques petits problèmes rencontrés pendant les deux jours (agressivité de certains usagers du parc, repas achetés en ligne mais pas de bons pour retirer ses repas...)"
960,02/01/2024,Opposant,Avec des ados,2,Non,"Beaucoup trop de point de restauration fermer,pas assez de personnel présent par rapport au visiteurs ce qui engendre beaucoup trop attente,pas de possibilité de ce réchauffer, très déçu."
961,02/01/2024,Avocat,Avec des ados,5,Oui,"Nous avons passé 2 jours + hôtel des 3 hiboux le lendemain de Noël : un enchantement 🤩 
Le parc Asterix n'a rien à envié a Disney, nous ne sommes pas déçu et rapport qualité prix est nettement meilleur. 
 
Nous recommandons"
962,02/01/2024,Avocat,Avec des jeunes enfants,4,Oui,"Super parc, mais beaucoup TROP D'ATTENTE."
963,02/01/2024,Neutre,Avec des jeunes enfants,3,Oui,"Bonne journée dans l'ensemble. Malheureusement, nous sommes tombé plusieurs fois sur des employés du parc n'ayant pas le sourire que se soit à l'entrée du parking ou bien à l'entrée du parc. 
Et ce jour là, il y avait trop de monde impossible de faire plus de 5 attractions et au prix du parc ce n'est pas normal."
964,02/01/2024,Avocat,En couple,4,Oui,"Le personnel de l'hôtel était vraiment très attentionné envers nous. La chambre très belle et très fonctionnelle. Le petit déjeuner excellent. L'ambiance dans le parc était au top, que ce soit les décors, les attractions ainsi que les shops. J'ai été agréablement surpris par la propreté du parc et de ses installations."
965,02/01/2024,Neutre,Avec des jeunes enfants,3,Oui,"J’ai visité le parc pendant la période de noël, les attractions sont de qualité, possibilité de réserver des coupes files. 
Niveau magie de Noël peut faire beaucoup mieux, c’était assez triste. 
Les boutiques de souvenirs ne proposent que peu de diversité, elles vendent toutes les quatre mêmes peluches.. vraiment bof. 
Préférez une visite aux beaux jours."
966,02/01/2024,Avocat,Entre amis,5,Oui,"Cadeau de noel offert à 5 jeunes de 17 à 22 ans 
Sont revenus enchantés qualité des attractions hôtel impeccable et repas de qualite"
968,02/01/2024,Avocat,Entre amis,4,Oui,"Un grand merci à la voiture de gauche sur le parking pour l’ouverture de sa portière arrière droite. 
Résultat des courses: 
Une portière avec un gros enfoncement (invisible le soir via la nuit tombé) mais une belle surprise le 31 au matin."
969,02/01/2024,Neutre,Avec des jeunes enfants,3,Oui,"Très bon moment passé au Parc en famille, attractions et spectacles de bonne qualité, toutefois l'ouverture du parc a 11h et vraiment tardive par rapport au autre Parc. 
De plus , à partir de 17h30 le Parc manque cruellement d'éclairage et les attractions aussi, sans parler d'une fermeture à 19h pour un 31/12 ..... 
 
Pour avoir testé Disney, ils sont bien meilleurs et s'en donnent les moyens de 9h30 à 22h ."
972,02/01/2024,Avocat,Avec des ados,4,Oui,"Parc préféré en France. Ils savent se réinventer et moderniser en touchant toute la famille. 
Parfois trop de monde mais il suffit alors lorsqu'on possède le pass de privilégier les spectacles et attractions délaissés habituellement. 
Dommage qu'en cas de forte affluence les 2 seules singles soient fermées car elles permettent aux fidèles d'avoir une dose d'adrénaline quand même."
973,02/01/2024,Neutre,Avec des jeunes enfants,3,Non,"Comme la plupart des clients du parc le temps d'attente est extrêmement long, une moyenne d'1h30 pour faire une attraction, sachant que le parc ouvre à 11h, je vous laisse faire le calcul du temps perdu. 
Votre plan interactif ainsi que l'outil permettant de s'organiser dans le parc et reguler les files d'attente n'ont jamais fonctionné après téléchargement ce qui est vraiment dommage, c'était une bonne idée ! 
Les billets coupe file sont trop cher pour ce que ça vaut. 
Je ne sais pas comment cela est possible mais il faudrait réduire la file d'attente d'au moins 30 mn par jour pour permettre aux personnes de faire un max d'attraction. 
Par ailleurs il y a un problème de contrôle de sécurité, beaucoup de personnes doublent dans les filles d'attente. 
A quand un coup de jeune du parc ? 
J.T"
974,02/01/2024,Avocat,Avec des ados,4,Oui,"Très bon séjour, bonne ambiance, patinoire et luges super . Manque du renouvellement au niveau manèges, mais nous avons vu des travaux donc c'est bien.les se sont bien amusés comme toujours. ravis de notre séjour."
975,02/01/2024,Avocat,Entre amis,5,Oui,"C est un réel plaisir et bonheur d y être. 
Le personnel toujours avec le sourire et disponible. 
Depuis que nous venons et au fil de nos rencontres un lien d amitiés c est créé que je n ai jamais connu ailleurs. Très belle année 2024 ."
977,02/01/2024,Avocat,Entre amis,5,Oui,Noël gaulois super. Déco magnifique. Ambiance très bien. Super journée.
978,02/01/2024,Avocat,Avec des ados,4,Oui,"Les temps d'attente aux attractions phares sont ahurissants, les files d'attente sont mal gérées (temps d'attente largement sous estimés, les ""wagons"" ne sont pas systématiquement remplis). 
Même remarque pour la restauration rapide : c'est long et lent, l'organisation du service est vraiment à revoir (tout le monde fait un peu tout, ce n'est pas industrialisé) , il manque du personnel"
979,02/01/2024,Avocat,Avec des jeunes enfants,4,Oui,"Super Parc, ambiance, qualité des attractions, univers..."
980,02/01/2024,Avocat,En couple,5,Oui,Une belle journée comme à chaque fois.
982,02/01/2024,Avocat,Avec des jeunes enfants,4,Oui,"AUX RESTAURANT HALTE DES CHEVALIERS L ACCEUIL EST TRES FORT, ERREURS DANS LES COMMANDES, quasi tout en rupture dans le menu enfant... un désastre !"
984,02/01/2024,Avocat,Entre amis,5,Oui,Incroyable
985,02/01/2024,Avocat,Avec des ados,4,Oui,Un très bon moment avec les copines! Des sensations de folies ! Un peu déçue de n'avoir fait que 4 manèges. Il y avait beaucoup de monde.
986,02/01/2024,Avocat,En couple,4,Oui,Bonjour j' aimerais bien que la nourriture dans le parc soit chaud mais pas tiède
987,02/01/2024,Avocat,Avec des ados,4,Oui,"Très belle journée au parc. Seul bémol : les files d'attente aux attractions. Entre 50 minutes et 1 heure 20 d'attente pour les attractions à sensations fortes et pour les attractions en famille. C'est trop. Nous avons acheté un filomatix pour une attraction histoire de ne pas repartir frustrés, mais à 4 personnes, c'est un budget... 40 euros pour une attraction en plus des billets d'entrée, c'est un sacré budget pour une famille pour seulement 2 minutes de frissons."
991,02/01/2024,Neutre,Avec des jeunes enfants,3,Oui,"Pass annuel depuis 3 ans et je constate à regret que c’est toujours compliqué pour rentrer dans le parc avec des pass: 
Votre personnel ne sait pas où nous envoyer pour rentrer. 
Une fois la bonne queue trouvée enfin, une demi heure le 30 décembre 2023 pour rentrer … 
À se demander si vous souhaitez vraiment la visite des porteurs de pass annuels …"
992,02/01/2024,Avocat,Avec des ados,4,Oui,De superbes attractions mais un manque de personnel sur certaines attractions. Temps d'attente très long plus de 90 minutes.
993,02/01/2024,Avocat,Entre amis,4,Oui,"Moment en famille ou entre amis, de jour comme de nuit, pour les grands comme les petits, la magie du parc Astérix et toujours présente par toutatis !"
995,02/01/2024,Neutre,Avec des ados,3,Non,"Le parc n'était pas propre en cette période de Noël, poubelles non vidées régulièrement et files d'attente des détritus au sol malgré de nombreuses poubelles, souvent remplies. Le personnel n'est pas accueillant, voir autoritaire. Aucune magie pour les enfants."
996,02/01/2024,Avocat,Entre amis,5,Oui,"Le Noël gaulois est formidable, le parc Astérix m’a donné de la magie le temps d’une journée féerique."
997,02/01/2024,Avocat,Entre amis,4,Oui,Très bon séjour on est ravi
999,02/01/2024,Avocat,Avec des ados,5,Oui,Bonne experiance et ambiance dans le parc. Personnel tres agreables.